frame,seconds,all_sensor_and_earth_ids,in_transit,earth_settled,earth_assigned,illustrative_leaf_angle
0,0.0,230,0,0,0,0.0
1,0.03333333333333333,230,0,0,0,0.0
2,0.06666666666666667,230,0,0,0,0.0
3,0.1,230,0,0,0,0.0
4,0.13333333333333333,230,0,0,0,0.0
5,0.16666666666666666,230,0,0,0,0.0
6,0.2,230,0,0,0,0.0
7,0.23333333333333334,230,0,0,0,0.0
8,0.26666666666666666,230,0,0,0,0.0
9,0.3,230,0,0,0,0.0
10,0.3333333333333333,230,0,0,0,0.0
11,0.36666666666666664,230,0,0,0,0.0
12,0.4,230,0,0,0,0.0
13,0.43333333333333335,230,0,0,0,0.0
14,0.4666666666666667,230,0,0,0,0.0
15,0.5,230,0,0,0,0.0
16,0.5333333333333333,230,0,0,0,0.0
17,0.5666666666666667,230,0,0,0,0.0
18,0.6,230,0,0,0,0.0
19,0.6333333333333333,230,0,0,0,0.0
20,0.6666666666666666,230,0,0,0,0.0
21,0.7,230,0,0,0,0.0
22,0.7333333333333333,230,0,0,0,0.0
23,0.7666666666666667,230,0,0,0,0.0
24,0.8,230,0,0,0,0.0
25,0.8333333333333334,230,0,0,0,0.0
26,0.8666666666666667,230,0,0,0,0.0
27,0.9,230,0,0,0,0.0
28,0.9333333333333333,230,0,0,0,0.0
29,0.9666666666666667,230,0,0,0,0.0
30,1.0,230,0,0,0,0.0
31,1.0333333333333334,230,0,0,0,0.0
32,1.0666666666666667,230,0,0,0,0.0
33,1.1,230,0,0,0,0.0
34,1.1333333333333333,230,0,0,0,0.0
35,1.1666666666666667,230,0,0,0,0.0
36,1.2,230,0,0,0,0.0
37,1.2333333333333334,230,0,0,0,0.0
38,1.2666666666666666,230,0,0,0,0.0
39,1.3,230,0,0,0,0.0
40,1.3333333333333333,230,0,0,0,0.0
41,1.3666666666666667,230,0,0,0,0.0
42,1.4,230,0,0,0,0.0
43,1.4333333333333333,230,0,0,0,0.0
44,1.4666666666666666,230,0,0,0,0.0
45,1.5,230,0,0,0,0.0
46,1.5333333333333334,230,0,0,0,0.0
47,1.5666666666666667,230,0,0,0,0.0
48,1.6,230,0,0,0,0.0
49,1.6333333333333333,230,0,0,0,0.0
50,1.6666666666666667,230,0,0,0,0.0
51,1.7,230,0,0,0,0.0
52,1.7333333333333334,230,0,0,0,0.0
53,1.7666666666666666,230,0,0,0,0.0
54,1.8,230,0,0,0,0.0
55,1.8333333333333333,230,0,0,0,0.0
56,1.8666666666666667,230,0,0,0,0.0
57,1.9,230,0,0,0,0.0
58,1.9333333333333333,230,0,0,0,0.0
59,1.9666666666666666,230,0,0,0,0.0
60,2.0,230,0,0,0,0.0
61,2.033333333333333,230,0,0,0,0.0
62,2.066666666666667,230,0,0,0,0.0
63,2.1,230,0,0,0,0.0
64,2.1333333333333333,230,0,0,0,0.0
65,2.1666666666666665,230,0,0,0,0.0
66,2.2,230,0,0,0,0.0
67,2.2333333333333334,230,0,0,0,0.0
68,2.2666666666666666,230,0,0,0,0.0
69,2.3,230,0,0,0,0.0
70,2.3333333333333335,230,0,0,0,0.0
71,2.3666666666666667,230,0,0,0,0.0
72,2.4,230,0,0,0,0.0
73,2.433333333333333,230,0,0,0,0.0
74,2.466666666666667,230,0,0,0,0.0
75,2.5,230,0,0,0,0.0
76,2.533333333333333,230,0,0,0,0.0
77,2.566666666666667,230,0,0,0,0.0
78,2.6,230,0,0,0,0.0
79,2.6333333333333333,230,0,0,0,0.0
80,2.6666666666666665,230,0,0,0,0.0
81,2.7,230,0,0,0,0.0
82,2.7333333333333334,230,0,0,0,0.0
83,2.7666666666666666,230,0,0,0,0.0
84,2.8,230,0,0,0,0.0
85,2.8333333333333335,230,0,0,0,0.0
86,2.8666666666666667,230,0,0,0,0.0
87,2.9,230,0,0,0,0.0
88,2.933333333333333,230,0,0,0,0.0
89,2.966666666666667,230,0,0,0,0.0
90,3.0,230,0,0,0,0.0
91,3.033333333333333,230,0,0,0,0.0
92,3.066666666666667,230,0,0,0,0.0
93,3.1,230,0,0,0,0.0
94,3.1333333333333333,230,0,0,0,0.0
95,3.1666666666666665,230,0,0,0,0.0
96,3.2,230,0,0,0,0.0
97,3.2333333333333334,230,0,0,0,0.0
98,3.2666666666666666,230,0,0,0,0.0
99,3.3,230,0,0,0,0.0
100,3.3333333333333335,230,0,0,0,0.0
101,3.3666666666666667,230,0,0,0,0.0
102,3.4,230,0,0,0,0.0
103,3.433333333333333,230,0,0,0,0.0
104,3.466666666666667,230,0,0,0,0.0
105,3.5,230,0,0,0,0.0
106,3.533333333333333,230,0,0,0,0.0
107,3.566666666666667,230,0,0,0,0.0
108,3.6,230,0,0,0,0.0
109,3.6333333333333333,230,0,0,0,0.0
110,3.6666666666666665,230,0,0,0,0.0
111,3.7,230,0,0,0,0.0
112,3.7333333333333334,230,0,0,0,0.0
113,3.7666666666666666,230,0,0,0,0.0
114,3.8,230,0,0,0,0.0
115,3.8333333333333335,230,0,0,0,0.0
116,3.8666666666666667,230,0,0,0,0.0
117,3.9,230,0,0,0,0.0
118,3.933333333333333,230,0,0,0,0.0
119,3.966666666666667,230,0,0,0,0.0
120,4.0,230,0,0,0,0.0
121,4.033333333333333,230,0,0,0,0.0
122,4.066666666666666,230,0,0,0,0.0
123,4.1,230,0,0,0,0.0
124,4.133333333333334,230,0,0,0,0.0
125,4.166666666666667,230,0,0,0,0.0
126,4.2,230,0,0,0,0.0
127,4.233333333333333,230,0,0,0,0.0
128,4.266666666666667,230,0,0,0,0.0
129,4.3,230,0,0,0,0.0
130,4.333333333333333,230,0,0,0,0.0
131,4.366666666666666,230,0,0,0,0.0
132,4.4,230,0,0,0,0.0
133,4.433333333333334,230,0,0,0,0.0
134,4.466666666666667,230,0,0,0,0.0
135,4.5,230,0,0,0,0.0
136,4.533333333333333,230,0,0,0,0.0
137,4.566666666666666,230,0,0,0,0.0
138,4.6,230,0,0,0,0.0
139,4.633333333333334,230,0,0,0,0.0
140,4.666666666666667,230,0,0,0,0.0
141,4.7,230,0,0,0,0.0
142,4.733333333333333,230,0,0,0,0.0
143,4.766666666666667,230,0,0,0,0.0
144,4.8,230,0,0,0,0.0
145,4.833333333333333,230,0,0,0,0.0
146,4.866666666666666,230,0,0,0,0.0
147,4.9,230,0,0,0,0.0
148,4.933333333333334,230,0,0,0,0.0
149,4.966666666666667,230,0,0,0,0.0
150,5.0,230,0,0,0,0.0
151,5.033333333333333,230,0,0,0,0.0
152,5.066666666666666,230,0,0,0,0.0
153,5.1,230,0,0,0,0.0
154,5.133333333333334,230,0,0,0,0.0
155,5.166666666666667,230,0,0,0,0.0
156,5.2,230,0,0,0,0.0
157,5.233333333333333,230,0,0,0,0.0
158,5.266666666666667,230,0,0,0,0.0
159,5.3,230,0,0,0,0.0
160,5.333333333333333,230,0,0,0,0.0
161,5.366666666666666,230,0,0,0,0.0
162,5.4,230,0,0,0,0.0
163,5.433333333333334,230,0,0,0,0.0
164,5.466666666666667,230,0,0,0,0.0
165,5.5,230,0,0,0,0.0
166,5.533333333333333,230,0,0,0,0.0
167,5.566666666666666,230,0,0,0,0.0
168,5.6,230,0,0,0,0.0
169,5.633333333333334,230,0,0,0,0.0
170,5.666666666666667,230,0,0,0,0.0
171,5.7,230,0,0,0,0.0
172,5.733333333333333,230,0,0,0,0.0
173,5.766666666666667,230,0,0,0,0.0
174,5.8,230,0,0,0,0.0
175,5.833333333333333,230,0,0,0,0.0
176,5.866666666666666,230,0,0,0,0.0
177,5.9,230,0,0,0,0.0
178,5.933333333333334,230,0,0,0,0.0
179,5.966666666666667,230,0,0,0,0.0
180,6.0,230,0,0,0,0.0
181,6.033333333333333,230,0,0,0,0.0
182,6.066666666666666,230,0,0,0,0.0
183,6.1,230,0,0,0,0.0
184,6.133333333333334,230,0,0,0,0.0
185,6.166666666666667,230,0,0,0,0.0
186,6.2,230,0,0,0,0.0
187,6.233333333333333,230,0,0,0,0.0
188,6.266666666666667,230,0,0,0,0.0
189,6.3,230,0,0,0,0.0
190,6.333333333333333,230,0,0,0,0.0
191,6.366666666666666,230,0,0,0,0.0
192,6.4,230,0,0,0,0.0
193,6.433333333333334,230,0,0,0,0.0
194,6.466666666666667,230,0,0,0,0.0
195,6.5,230,0,0,0,0.0
196,6.533333333333333,230,0,0,0,0.0
197,6.566666666666666,230,0,0,0,0.0
198,6.6,230,0,0,0,0.0
199,6.633333333333334,230,0,0,0,0.0
200,6.666666666666667,230,0,0,0,0.0
201,6.7,230,0,0,0,0.0
202,6.733333333333333,230,0,0,0,0.0
203,6.766666666666667,230,0,0,0,0.0
204,6.8,230,0,0,0,0.0
205,6.833333333333333,230,0,0,0,0.0
206,6.866666666666666,230,0,0,0,0.0
207,6.9,230,0,0,0,0.0
208,6.933333333333334,230,0,0,0,0.0
209,6.966666666666667,230,0,0,0,0.0
210,7.0,230,0,0,0,0.0
211,7.033333333333333,230,0,0,0,0.0
212,7.066666666666666,230,0,0,0,0.0
213,7.1,230,0,0,0,0.0
214,7.133333333333334,230,0,0,0,0.0
215,7.166666666666667,230,0,0,0,0.0
216,7.2,230,0,0,0,0.0
217,7.233333333333333,230,0,0,0,0.0
218,7.266666666666667,230,0,0,0,0.0
219,7.3,230,0,0,0,0.0
220,7.333333333333333,230,0,0,0,0.0
221,7.366666666666666,230,0,0,0,0.0
222,7.4,230,0,0,0,0.0
223,7.433333333333334,230,0,0,0,0.0
224,7.466666666666667,230,0,0,0,0.0
225,7.5,230,0,0,0,0.0
226,7.533333333333333,230,0,0,0,0.0
227,7.566666666666666,230,0,0,0,0.0
228,7.6,230,0,0,0,0.0
229,7.633333333333334,230,0,0,0,0.0
230,7.666666666666667,230,0,0,0,0.0
231,7.7,230,0,0,0,0.0
232,7.733333333333333,230,0,0,0,0.0
233,7.766666666666667,230,0,0,0,0.0
234,7.8,230,0,0,0,0.0
235,7.833333333333333,230,0,0,0,0.0
236,7.866666666666666,230,0,0,0,0.0
237,7.9,230,0,0,0,0.0
238,7.933333333333334,230,0,0,0,0.0
239,7.966666666666667,230,0,0,0,0.0
240,8.0,230,0,0,0,0.0
241,8.033333333333333,230,0,0,0,0.0
242,8.066666666666666,230,0,0,0,0.0
243,8.1,230,0,0,0,0.0
244,8.133333333333333,230,0,0,0,0.0
245,8.166666666666666,230,0,0,0,0.0
246,8.2,230,0,0,0,0.0
247,8.233333333333333,230,0,0,0,0.0
248,8.266666666666667,230,0,0,0,0.0
249,8.3,230,0,0,0,0.0
250,8.333333333333334,230,0,0,0,0.0
251,8.366666666666667,230,0,0,0,0.0
252,8.4,230,0,0,0,0.0
253,8.433333333333334,230,0,0,0,0.0
254,8.466666666666667,230,0,0,0,0.0
255,8.5,230,0,0,0,0.0
256,8.533333333333333,230,0,0,0,0.0
257,8.566666666666666,230,0,0,0,0.0
258,8.6,230,0,0,0,0.0
259,8.633333333333333,230,0,0,0,0.0
260,8.666666666666666,230,0,0,0,0.0
261,8.7,230,0,0,0,0.0
262,8.733333333333333,230,0,0,0,0.0
263,8.766666666666667,230,0,0,0,0.0
264,8.8,230,0,0,0,0.0
265,8.833333333333334,230,0,0,0,0.0
266,8.866666666666667,230,0,0,0,0.0
267,8.9,230,0,0,0,0.0
268,8.933333333333334,230,0,0,0,0.0
269,8.966666666666667,230,0,0,0,0.0
270,9.0,230,0,0,0,0.0
271,9.033333333333333,230,0,0,0,0.0
272,9.066666666666666,230,0,0,0,0.0
273,9.1,230,0,0,0,0.0
274,9.133333333333333,230,0,0,0,0.0
275,9.166666666666666,230,0,0,0,0.0
276,9.2,230,0,0,0,0.0
277,9.233333333333333,230,0,0,0,0.0
278,9.266666666666667,230,0,0,0,0.0
279,9.3,230,0,0,0,0.0
280,9.333333333333334,230,0,0,0,0.0
281,9.366666666666667,230,0,0,0,0.0
282,9.4,230,0,0,0,0.0
283,9.433333333333334,230,0,0,0,0.0
284,9.466666666666667,230,0,0,0,0.0
285,9.5,230,0,0,0,0.0
286,9.533333333333333,230,0,0,0,0.0
287,9.566666666666666,230,0,0,0,0.0
288,9.6,230,0,0,0,0.0
289,9.633333333333333,230,1,0,0,0.0
290,9.666666666666666,230,2,0,0,0.0
291,9.7,230,2,0,0,0.0
292,9.733333333333333,230,3,0,0,0.0
293,9.766666666666667,230,3,0,0,0.0
294,9.8,230,4,0,0,0.0
295,9.833333333333334,230,4,0,0,0.2
296,9.866666666666667,230,5,0,0,0.2
297,9.9,230,5,0,0,0.2
298,9.933333333333334,230,6,0,0,0.4
299,9.966666666666667,230,6,0,0,0.4
300,10.0,230,7,0,0,0.6
301,10.033333333333333,230,7,0,0,0.6
302,10.066666666666666,230,8,0,0,0.8
303,10.1,230,8,0,0,1.0
304,10.133333333333333,230,9,0,0,1.2
305,10.166666666666666,230,9,0,0,1.2
306,10.2,230,10,0,0,1.4
307,10.233333333333333,230,10,0,0,1.6
308,10.266666666666667,230,11,0,0,1.8
309,10.3,230,11,0,0,2.0
310,10.333333333333334,230,12,0,0,2.2
311,10.366666666666667,230,12,0,0,2.6
312,10.4,230,13,0,0,2.8
313,10.433333333333334,230,13,0,0,3.0
314,10.466666666666667,230,14,0,0,3.2
315,10.5,230,14,0,0,3.6
316,10.533333333333333,230,15,0,0,3.8
317,10.566666666666666,230,15,0,0,4.0
318,10.6,230,16,0,0,4.4
319,10.633333333333333,230,16,0,0,4.6
320,10.666666666666666,230,17,0,0,5.0
321,10.7,230,16,0,0,5.2
322,10.733333333333333,230,17,0,0,5.4
323,10.766666666666667,230,16,0,0,5.8
324,10.8,230,17,0,0,6.0
325,10.833333333333334,230,16,0,0,6.4
326,10.866666666666667,230,17,0,0,6.6
327,10.9,230,16,0,0,6.8
328,10.933333333333334,230,17,0,0,7.2
329,10.966666666666667,230,16,0,0,7.4
330,11.0,230,17,0,0,7.6
331,11.033333333333333,230,16,0,0,7.8
332,11.066666666666666,230,17,0,0,8.2
333,11.1,230,16,0,0,8.4
334,11.133333333333333,230,17,0,0,8.6
335,11.166666666666666,230,16,0,0,8.8
336,11.2,230,17,0,0,9.2
337,11.233333333333333,230,16,0,0,9.4
338,11.266666666666667,230,17,0,0,9.6
339,11.3,230,16,0,0,9.8
340,11.333333333333334,230,17,0,0,10.0
341,11.366666666666667,230,16,0,0,10.4
342,11.4,230,17,0,0,10.6
343,11.433333333333334,230,16,0,0,10.8
344,11.466666666666667,230,17,0,0,11.0
345,11.5,230,16,0,0,11.2
346,11.533333333333333,230,17,0,0,11.4
347,11.566666666666666,230,16,0,0,11.6
348,11.6,230,17,0,0,11.8
349,11.633333333333333,230,16,0,0,12.0
350,11.666666666666666,230,17,0,0,12.2
351,11.7,230,16,0,0,12.4
352,11.733333333333333,230,17,0,0,12.6
353,11.766666666666667,230,16,0,0,12.8
354,11.8,230,17,0,0,13.0
355,11.833333333333334,230,16,0,0,13.2
356,11.866666666666667,230,17,0,0,13.4
357,11.9,230,16,0,0,13.6
358,11.933333333333334,230,17,0,0,13.8
359,11.966666666666667,230,16,0,0,14.0
360,12.0,230,17,0,0,14.2
361,12.033333333333333,230,16,0,0,14.4
362,12.066666666666666,230,17,0,0,14.6
363,12.1,230,16,0,0,14.8
364,12.133333333333333,230,17,0,0,15.0
365,12.166666666666666,230,16,0,0,15.2
366,12.2,230,17,0,0,15.4
367,12.233333333333333,230,16,0,0,15.6
368,12.266666666666667,230,17,0,0,15.8
369,12.3,230,16,0,0,16.0
370,12.333333333333334,230,17,0,0,16.2
371,12.366666666666667,230,16,0,0,16.2
372,12.4,230,17,0,0,16.4
373,12.433333333333334,230,16,0,0,16.6
374,12.466666666666667,230,17,0,0,16.8
375,12.5,230,16,0,0,17.0
376,12.533333333333333,230,17,0,0,17.2
377,12.566666666666666,230,16,0,0,17.4
378,12.6,230,17,0,0,17.6
379,12.633333333333333,230,16,0,0,17.8
380,12.666666666666666,230,17,0,0,17.8
381,12.7,230,16,0,0,18.0
382,12.733333333333333,230,17,0,0,18.2
383,12.766666666666667,230,16,0,0,18.4
384,12.8,230,16,0,0,18.6
385,12.833333333333334,230,15,0,0,18.8
386,12.866666666666667,230,15,0,0,18.8
387,12.9,230,14,0,0,19.0
388,12.933333333333334,230,14,0,0,19.2
389,12.966666666666667,230,13,0,0,19.4
390,13.0,230,13,0,0,19.6
391,13.033333333333333,230,12,0,0,19.6
392,13.066666666666666,230,12,0,0,19.8
393,13.1,230,11,0,0,20.0
394,13.133333333333333,230,11,0,0,20.2
395,13.166666666666666,230,10,0,0,20.2
396,13.2,230,10,0,0,20.4
397,13.233333333333333,230,9,0,0,20.6
398,13.266666666666667,230,9,0,0,20.6
399,13.3,230,8,0,0,20.8
400,13.333333333333334,230,8,0,0,21.0
401,13.366666666666667,230,7,0,0,21.0
402,13.4,230,7,0,0,21.2
403,13.433333333333334,230,6,0,0,21.2
404,13.466666666666667,230,6,0,0,21.4
405,13.5,230,5,0,0,21.4
406,13.533333333333333,230,5,0,0,21.4
407,13.566666666666666,230,4,0,0,21.6
408,13.6,230,4,0,0,21.6
409,13.633333333333333,230,3,0,0,21.6
410,13.666666666666666,230,3,0,0,21.8
411,13.7,230,2,0,0,21.8
412,13.733333333333333,230,2,0,0,21.8
413,13.766666666666667,230,1,0,0,21.8
414,13.8,230,0,0,0,21.8
415,13.833333333333334,230,0,0,0,21.8
416,13.866666666666667,230,0,0,0,22.0
417,13.9,230,0,0,0,22.0
418,13.933333333333334,230,0,0,0,22.0
419,13.966666666666667,230,0,0,0,22.0
420,14.0,230,0,0,0,22.0
421,14.033333333333333,230,0,0,0,22.0
422,14.066666666666666,230,0,0,0,22.0
423,14.1,230,0,0,0,22.0
424,14.133333333333333,230,0,0,0,22.0
425,14.166666666666666,230,0,0,0,22.0
426,14.2,230,0,0,0,22.0
427,14.233333333333333,230,0,0,0,22.0
428,14.266666666666667,230,0,0,0,22.0
429,14.3,230,0,0,0,22.0
430,14.333333333333334,230,0,0,0,22.0
431,14.366666666666667,230,0,0,0,22.0
432,14.4,230,0,0,0,22.0
433,14.433333333333334,230,0,0,0,22.0
434,14.466666666666667,230,0,0,0,22.0
435,14.5,230,0,0,0,22.0
436,14.533333333333333,230,0,0,0,22.0
437,14.566666666666666,230,0,0,0,22.0
438,14.6,230,0,0,0,22.0
439,14.633333333333333,230,0,0,0,22.0
440,14.666666666666666,230,0,0,0,22.0
441,14.7,230,0,0,0,22.0
442,14.733333333333333,230,0,0,0,22.0
443,14.766666666666667,230,0,0,0,22.0
444,14.8,230,0,0,0,22.0
445,14.833333333333334,230,0,0,0,22.0
446,14.866666666666667,230,0,0,0,22.0
447,14.9,230,0,0,0,22.0
448,14.933333333333334,230,0,0,0,22.0
449,14.966666666666667,230,0,0,0,22.0
450,15.0,230,0,0,0,22.0
451,15.033333333333333,230,0,0,0,22.0
452,15.066666666666666,230,0,0,0,22.0
453,15.1,230,0,0,0,22.0
454,15.133333333333333,230,0,0,0,22.0
455,15.166666666666666,230,0,0,0,22.0
456,15.2,230,0,0,0,22.0
457,15.233333333333333,230,0,0,0,22.0
458,15.266666666666667,230,0,0,0,22.0
459,15.3,230,0,0,0,22.0
460,15.333333333333334,230,0,0,0,22.0
461,15.366666666666667,230,0,0,0,22.0
462,15.4,230,0,0,0,22.0
463,15.433333333333334,230,0,0,0,22.0
464,15.466666666666667,230,0,0,0,22.0
465,15.5,230,0,0,0,22.0
466,15.533333333333333,230,0,0,0,22.0
467,15.566666666666666,230,0,0,0,22.0
468,15.6,230,0,0,0,22.0
469,15.633333333333333,230,0,0,0,22.0
470,15.666666666666666,230,0,0,0,22.0
471,15.7,230,0,0,0,22.0
472,15.733333333333333,230,0,0,0,22.0
473,15.766666666666667,230,0,0,0,22.0
474,15.8,230,0,0,0,22.0
475,15.833333333333334,230,0,0,0,22.0
476,15.866666666666667,230,0,0,0,22.0
477,15.9,230,0,0,0,22.0
478,15.933333333333334,230,0,0,0,22.0
479,15.966666666666667,230,0,0,0,22.0
480,16.0,230,0,0,0,22.0
481,16.033333333333335,230,0,0,0,22.0
482,16.066666666666666,230,0,0,0,22.0
483,16.1,230,0,0,0,22.0
484,16.133333333333333,230,0,0,0,22.0
485,16.166666666666668,230,0,0,0,22.0
486,16.2,230,0,0,0,22.0
487,16.233333333333334,230,0,0,0,22.0
488,16.266666666666666,230,0,0,0,22.0
489,16.3,230,0,0,0,22.0
490,16.333333333333332,230,0,0,0,22.0
491,16.366666666666667,230,0,0,0,22.0
492,16.4,230,0,0,0,22.0
493,16.433333333333334,230,0,0,0,22.0
494,16.466666666666665,230,0,0,0,22.0
495,16.5,230,0,0,0,22.0
496,16.533333333333335,230,0,0,0,22.0
497,16.566666666666666,230,0,0,0,22.0
498,16.6,230,0,0,0,22.0
499,16.633333333333333,230,0,0,0,22.0
500,16.666666666666668,230,0,0,0,22.0
501,16.7,230,0,0,0,22.0
502,16.733333333333334,230,0,0,0,22.0
503,16.766666666666666,230,0,0,0,22.0
504,16.8,230,0,0,0,22.0
505,16.833333333333332,230,0,0,0,22.0
506,16.866666666666667,230,0,0,0,22.0
507,16.9,230,0,0,0,22.0
508,16.933333333333334,230,0,0,0,22.0
509,16.966666666666665,230,0,0,0,22.0
510,17.0,230,0,0,0,22.0
511,17.033333333333335,230,0,0,0,22.0
512,17.066666666666666,230,0,0,0,22.0
513,17.1,230,0,0,0,22.0
514,17.133333333333333,230,0,0,0,22.0
515,17.166666666666668,230,0,0,0,22.0
516,17.2,230,0,0,0,22.0
517,17.233333333333334,230,0,0,0,22.0
518,17.266666666666666,230,0,0,0,22.0
519,17.3,230,0,0,0,22.0
520,17.333333333333332,230,0,0,0,22.0
521,17.366666666666667,230,0,0,0,22.0
522,17.4,230,0,0,0,22.0
523,17.433333333333334,230,0,0,0,22.0
524,17.466666666666665,230,0,0,0,22.0
525,17.5,230,0,0,0,22.0
526,17.533333333333335,230,0,0,0,22.0
527,17.566666666666666,230,0,0,0,22.0
528,17.6,230,0,0,0,22.0
529,17.633333333333333,230,0,0,0,22.0
530,17.666666666666668,230,0,0,0,22.0
531,17.7,230,0,0,0,22.0
532,17.733333333333334,230,0,0,0,22.0
533,17.766666666666666,230,0,0,0,22.0
534,17.8,230,0,0,0,22.0
535,17.833333333333332,230,0,0,0,22.0
536,17.866666666666667,230,0,0,0,22.0
537,17.9,230,0,0,0,22.0
538,17.933333333333334,230,0,0,0,22.0
539,17.966666666666665,230,0,0,0,22.0
540,18.0,230,0,0,0,22.0
541,18.033333333333335,230,0,0,0,22.0
542,18.066666666666666,230,0,0,0,22.0
543,18.1,230,0,0,0,22.0
544,18.133333333333333,230,0,0,0,22.0
545,18.166666666666668,230,0,0,0,22.0
546,18.2,230,0,0,0,22.0
547,18.233333333333334,230,0,0,0,22.0
548,18.266666666666666,230,0,0,0,22.0
549,18.3,230,0,0,0,22.0
550,18.333333333333332,230,0,0,0,22.0
551,18.366666666666667,230,0,0,0,22.0
552,18.4,230,0,0,0,22.0
553,18.433333333333334,230,0,0,0,22.0
554,18.466666666666665,230,0,0,0,22.0
555,18.5,230,0,0,0,22.0
556,18.533333333333335,230,0,0,0,22.0
557,18.566666666666666,230,0,0,0,22.0
558,18.6,230,0,0,0,22.0
559,18.633333333333333,230,0,0,0,22.0
560,18.666666666666668,230,0,0,0,22.0
561,18.7,230,0,0,0,22.0
562,18.733333333333334,230,0,0,0,22.0
563,18.766666666666666,230,0,0,0,22.0
564,18.8,230,0,0,0,22.0
565,18.833333333333332,230,0,0,0,22.0
566,18.866666666666667,230,0,0,0,22.0
567,18.9,230,0,0,0,22.0
568,18.933333333333334,230,0,0,0,22.0
569,18.966666666666665,230,0,0,0,22.0
570,19.0,230,0,0,0,22.0
571,19.033333333333335,230,0,0,0,22.0
572,19.066666666666666,230,0,0,0,22.0
573,19.1,230,0,0,0,22.0
574,19.133333333333333,230,0,0,0,22.0
575,19.166666666666668,230,0,0,0,22.0
576,19.2,230,0,0,0,22.0
577,19.233333333333334,230,0,0,0,22.0
578,19.266666666666666,230,0,0,0,22.0
579,19.3,230,0,0,0,22.0
580,19.333333333333332,230,0,0,0,22.0
581,19.366666666666667,230,0,0,0,22.0
582,19.4,230,0,0,0,22.0
583,19.433333333333334,230,0,0,0,22.0
584,19.466666666666665,230,0,0,0,22.0
585,19.5,230,0,0,0,22.0
586,19.533333333333335,230,0,0,0,22.0
587,19.566666666666666,230,0,0,0,22.0
588,19.6,230,0,0,0,22.0
589,19.633333333333333,230,0,0,0,22.0
590,19.666666666666668,230,0,0,0,22.0
591,19.7,230,0,0,0,22.0
592,19.733333333333334,230,0,0,0,22.0
593,19.766666666666666,230,0,0,0,22.0
594,19.8,230,0,0,0,22.0
595,19.833333333333332,230,0,0,0,22.0
596,19.866666666666667,230,0,0,0,22.0
597,19.9,230,0,0,0,22.0
598,19.933333333333334,230,0,0,0,22.0
599,19.966666666666665,230,0,0,0,22.0
600,20.0,230,0,0,0,22.0
601,20.033333333333335,230,0,0,0,22.0
602,20.066666666666666,230,0,0,0,22.0
603,20.1,230,0,0,0,22.0
604,20.133333333333333,230,0,0,0,22.0
605,20.166666666666668,230,0,0,0,22.0
606,20.2,230,0,0,0,22.0
607,20.233333333333334,230,0,0,0,22.0
608,20.266666666666666,230,0,0,0,22.0
609,20.3,230,0,0,0,22.0
610,20.333333333333332,230,0,0,0,22.0
611,20.366666666666667,230,0,0,0,22.0
612,20.4,230,0,0,0,22.0
613,20.433333333333334,230,0,0,0,22.0
614,20.466666666666665,230,0,0,0,22.0
615,20.5,230,0,0,0,22.0
616,20.533333333333335,230,0,0,0,22.0
617,20.566666666666666,230,0,0,0,22.0
618,20.6,230,0,0,0,22.0
619,20.633333333333333,230,0,0,0,22.0
620,20.666666666666668,230,0,0,0,22.0
621,20.7,230,0,0,0,22.0
622,20.733333333333334,230,0,0,0,22.0
623,20.766666666666666,230,0,0,0,22.0
624,20.8,230,0,0,0,22.0
625,20.833333333333332,230,0,0,0,22.0
626,20.866666666666667,230,0,0,0,22.0
627,20.9,230,0,0,0,22.0
628,20.933333333333334,230,0,0,0,22.0
629,20.966666666666665,230,0,0,0,22.0
630,21.0,230,0,0,0,22.0
631,21.033333333333335,230,0,0,0,22.0
632,21.066666666666666,230,0,0,0,22.0
633,21.1,230,0,0,0,22.0
634,21.133333333333333,230,0,0,0,22.0
635,21.166666666666668,230,0,0,0,22.0
636,21.2,230,0,0,0,22.0
637,21.233333333333334,230,0,0,0,22.0
638,21.266666666666666,230,0,0,0,22.0
639,21.3,230,0,0,0,22.0
640,21.333333333333332,230,0,0,0,22.0
641,21.366666666666667,230,0,0,0,22.0
642,21.4,230,0,0,0,22.0
643,21.433333333333334,230,0,0,0,22.0
644,21.466666666666665,230,0,0,0,22.0
645,21.5,230,0,0,0,22.0
646,21.533333333333335,230,0,0,0,22.0
647,21.566666666666666,230,0,0,0,22.0
648,21.6,230,0,0,0,22.0
649,21.633333333333333,230,0,0,0,22.0
650,21.666666666666668,230,0,0,0,22.0
651,21.7,230,0,0,0,22.0
652,21.733333333333334,230,0,0,0,22.0
653,21.766666666666666,230,0,0,0,22.0
654,21.8,230,0,0,0,22.0
655,21.833333333333332,230,0,0,0,22.0
656,21.866666666666667,230,0,0,0,22.0
657,21.9,230,0,0,0,22.0
658,21.933333333333334,230,0,0,0,22.0
659,21.966666666666665,230,0,0,0,22.0
660,22.0,230,0,0,0,22.0
661,22.033333333333335,230,0,0,0,22.0
662,22.066666666666666,230,0,0,0,22.0
663,22.1,230,0,0,0,22.0
664,22.133333333333333,230,0,0,0,22.0
665,22.166666666666668,230,0,0,0,22.0
666,22.2,230,0,0,0,22.0
667,22.233333333333334,230,0,0,0,22.0
668,22.266666666666666,230,0,0,0,22.0
669,22.3,230,0,0,0,22.0
670,22.333333333333332,230,0,0,0,22.0
671,22.366666666666667,230,0,0,0,22.0
672,22.4,230,0,0,0,22.0
673,22.433333333333334,230,0,0,0,22.0
674,22.466666666666665,230,0,0,0,22.0
675,22.5,230,0,0,0,22.0
676,22.533333333333335,230,0,0,0,22.0
677,22.566666666666666,230,0,0,0,22.0
678,22.6,230,0,0,0,22.0
679,22.633333333333333,230,0,0,0,22.0
680,22.666666666666668,230,0,0,0,22.0
681,22.7,230,0,0,0,22.0
682,22.733333333333334,230,0,0,0,22.0
683,22.766666666666666,230,0,0,0,22.0
684,22.8,230,0,0,0,22.0
685,22.833333333333332,230,0,0,0,22.0
686,22.866666666666667,230,0,0,0,22.0
687,22.9,230,0,0,0,22.0
688,22.933333333333334,230,0,0,0,22.0
689,22.966666666666665,230,0,0,0,22.0
690,23.0,230,0,0,0,22.0
691,23.033333333333335,230,0,0,0,22.0
692,23.066666666666666,230,0,0,0,22.0
693,23.1,230,0,0,0,22.0
694,23.133333333333333,230,0,0,0,22.0
695,23.166666666666668,230,0,0,0,22.0
696,23.2,230,0,0,0,22.0
697,23.233333333333334,230,0,0,0,22.0
698,23.266666666666666,230,0,0,0,22.0
699,23.3,230,0,0,0,22.0
700,23.333333333333332,230,0,0,0,22.0
701,23.366666666666667,230,0,0,0,22.0
702,23.4,230,0,0,0,22.0
703,23.433333333333334,230,0,0,0,22.0
704,23.466666666666665,230,0,0,0,22.0
705,23.5,230,0,0,0,22.0
706,23.533333333333335,230,0,0,0,22.0
707,23.566666666666666,230,0,0,0,22.0
708,23.6,230,0,0,0,22.0
709,23.633333333333333,230,0,0,0,22.0
710,23.666666666666668,230,0,0,0,22.0
711,23.7,230,0,0,0,22.0
712,23.733333333333334,230,0,0,0,22.0
713,23.766666666666666,230,0,0,0,22.0
714,23.8,230,0,0,0,22.0
715,23.833333333333332,230,0,0,0,22.0
716,23.866666666666667,230,1,0,1,22.0
717,23.9,230,2,0,2,22.0
718,23.933333333333334,230,2,0,2,22.0
719,23.966666666666665,230,3,0,3,22.0
720,24.0,230,4,0,4,22.0
721,24.033333333333335,230,4,0,4,22.0
722,24.066666666666666,230,5,0,5,22.0
723,24.1,230,6,0,6,22.0
724,24.133333333333333,230,6,0,6,22.0
725,24.166666666666668,230,7,0,7,22.0
726,24.2,230,8,0,8,22.0
727,24.233333333333334,230,9,0,9,22.0
728,24.266666666666666,230,9,0,9,21.8
729,24.3,230,10,0,10,21.8
730,24.333333333333332,230,11,0,11,21.8
731,24.366666666666667,230,11,0,11,21.8
732,24.4,230,12,0,12,21.8
733,24.433333333333334,230,13,0,13,21.6
734,24.466666666666665,230,13,0,13,21.6
735,24.5,230,14,0,14,21.6
736,24.533333333333335,230,15,0,15,21.4
737,24.566666666666666,230,15,0,15,21.4
738,24.6,230,16,0,16,21.2
739,24.633333333333333,230,17,0,17,21.2
740,24.666666666666668,230,18,0,18,21.0
741,24.7,230,18,0,18,20.8
742,24.733333333333334,230,19,0,19,20.8
743,24.766666666666666,230,20,0,20,20.6
744,24.8,230,20,0,20,20.4
745,24.833333333333332,230,21,0,21,20.2
746,24.866666666666667,230,22,0,22,20.0
747,24.9,230,22,0,22,19.8
748,24.933333333333334,230,23,0,23,19.6
749,24.966666666666665,230,23,1,24,19.4
750,25.0,230,23,2,25,19.2
751,25.033333333333335,230,23,2,25,19.0
752,25.066666666666666,230,23,3,26,18.8
753,25.1,230,23,4,27,18.6
754,25.133333333333333,230,23,4,27,18.4
755,25.166666666666668,230,23,5,28,18.2
756,25.2,230,23,6,29,18.0
757,25.233333333333334,230,23,6,29,17.8
758,25.266666666666666,230,23,7,30,17.6
759,25.3,230,23,8,31,17.2
760,25.333333333333332,230,22,9,31,17.0
761,25.366666666666667,230,23,9,32,16.8
762,25.4,230,23,10,33,16.6
763,25.433333333333334,230,23,11,34,16.4
764,25.466666666666665,230,23,11,34,16.0
765,25.5,230,23,12,35,15.8
766,25.533333333333335,230,23,13,36,15.6
767,25.566666666666666,230,23,13,36,15.4
768,25.6,230,23,14,37,15.0
769,25.633333333333333,230,23,15,38,14.8
770,25.666666666666668,230,23,15,38,14.6
771,25.7,230,23,16,39,14.2
772,25.733333333333334,230,23,17,40,14.0
773,25.766666666666666,230,23,18,41,13.8
774,25.8,230,23,18,41,13.4
775,25.833333333333332,230,23,19,42,13.2
776,25.866666666666667,230,23,20,43,13.0
777,25.9,230,23,20,43,12.6
778,25.933333333333334,230,23,21,44,12.4
779,25.966666666666665,230,23,22,45,12.0
780,26.0,230,23,22,45,11.8
781,26.033333333333335,230,23,23,46,11.4
782,26.066666666666666,230,23,24,47,11.2
783,26.1,230,22,25,48,10.8
784,26.133333333333333,230,23,25,48,10.6
785,26.166666666666668,230,22,26,48,10.2
786,26.2,230,21,27,48,10.0
787,26.233333333333334,230,21,27,48,9.6
788,26.266666666666666,230,20,28,48,9.2
789,26.3,230,19,29,48,9.0
790,26.333333333333332,230,19,29,48,8.6
791,26.366666666666667,230,18,30,48,8.2
792,26.4,230,17,31,48,8.0
793,26.433333333333334,230,17,31,48,7.6
794,26.466666666666665,230,16,32,48,7.2
795,26.5,230,15,33,48,6.8
796,26.533333333333335,230,14,34,48,6.6
797,26.566666666666666,230,14,34,48,6.2
798,26.6,230,13,35,48,5.8
799,26.633333333333333,230,12,36,48,5.4
800,26.666666666666668,230,12,36,48,5.2
801,26.7,230,11,37,48,4.8
802,26.733333333333334,230,10,38,48,4.4
803,26.766666666666666,230,10,38,48,4.2
804,26.8,230,9,39,48,3.8
805,26.833333333333332,230,8,40,48,3.6
806,26.866666666666667,230,7,41,48,3.2
807,26.9,230,7,41,48,3.0
808,26.933333333333334,230,6,42,48,2.6
809,26.966666666666665,230,5,43,48,2.4
810,27.0,230,5,43,48,2.2
811,27.033333333333335,230,4,44,48,1.8
812,27.066666666666666,230,3,45,48,1.6
813,27.1,230,3,45,48,1.4
814,27.133333333333333,230,2,46,48,1.2
815,27.166666666666668,230,1,47,48,1.0
816,27.2,230,1,47,48,0.8
817,27.233333333333334,230,0,48,48,0.8
818,27.266666666666666,230,0,48,48,0.6
819,27.3,230,0,48,48,0.6
820,27.333333333333332,230,0,48,48,0.4
821,27.366666666666667,230,0,48,48,0.4
822,27.4,230,0,48,48,0.2
823,27.433333333333334,230,0,48,48,0.2
824,27.466666666666665,230,0,48,48,0.2
825,27.5,230,0,48,48,0.2
826,27.533333333333335,230,0,48,48,0.2
827,27.566666666666666,230,0,48,48,0.0
828,27.6,230,0,48,48,0.0
829,27.633333333333333,230,0,48,48,0.0
830,27.666666666666668,230,0,48,48,0.0
831,27.7,230,0,48,48,0.0
832,27.733333333333334,230,0,48,48,0.0
833,27.766666666666666,230,0,48,48,0.0
834,27.8,230,0,48,48,0.0
835,27.833333333333332,230,0,48,48,0.0
836,27.866666666666667,230,0,48,48,0.0
837,27.9,230,0,48,48,0.0
838,27.933333333333334,230,0,48,48,0.0
839,27.966666666666665,230,0,48,48,0.0
840,28.0,230,0,48,48,0.0
841,28.033333333333335,230,0,48,48,0.0
842,28.066666666666666,230,0,48,48,0.0
843,28.1,230,0,48,48,0.0
844,28.133333333333333,230,0,48,48,0.0
845,28.166666666666668,230,0,48,48,0.0
846,28.2,230,0,48,48,0.0
847,28.233333333333334,230,0,48,48,0.0
848,28.266666666666666,230,0,48,48,0.0
849,28.3,230,0,48,48,0.0
850,28.333333333333332,230,0,48,48,0.0
851,28.366666666666667,230,0,48,48,0.0
852,28.4,230,0,48,48,0.0
853,28.433333333333334,230,0,48,48,0.0
854,28.466666666666665,230,0,48,48,0.0
855,28.5,230,0,48,48,0.0
856,28.533333333333335,230,0,48,48,0.0
857,28.566666666666666,230,0,48,48,0.0
858,28.6,230,0,48,48,0.0
859,28.633333333333333,230,0,48,48,0.0
860,28.666666666666668,230,0,48,48,0.0
861,28.7,230,0,48,48,0.0
862,28.733333333333334,230,0,48,48,0.0
863,28.766666666666666,230,0,48,48,0.0
864,28.8,230,0,48,48,0.0
865,28.833333333333332,230,0,48,48,0.0
866,28.866666666666667,230,0,48,48,0.0
867,28.9,230,0,48,48,0.0
868,28.933333333333334,230,0,48,48,0.0
869,28.966666666666665,230,0,48,48,0.0
870,29.0,230,0,48,48,0.0
871,29.033333333333335,230,0,48,48,0.0
872,29.066666666666666,230,0,48,48,0.0
873,29.1,230,0,48,48,0.0
874,29.133333333333333,230,0,48,48,0.0
875,29.166666666666668,230,0,48,48,0.0
876,29.2,230,0,48,48,0.0
877,29.233333333333334,230,0,48,48,0.0
878,29.266666666666666,230,0,48,48,0.0
879,29.3,230,0,48,48,0.0
880,29.333333333333332,230,0,48,48,0.0
881,29.366666666666667,230,0,48,48,0.0
882,29.4,230,0,48,48,0.0
883,29.433333333333334,230,0,48,48,0.0
884,29.466666666666665,230,0,48,48,0.0
885,29.5,230,0,48,48,0.0
886,29.533333333333335,230,0,48,48,0.0
887,29.566666666666666,230,0,48,48,0.0
888,29.6,230,0,48,48,0.0
889,29.633333333333333,230,0,48,48,0.0
890,29.666666666666668,230,0,48,48,0.0
891,29.7,230,0,48,48,0.0
892,29.733333333333334,230,0,48,48,0.0
893,29.766666666666666,230,0,48,48,0.0
894,29.8,230,0,48,48,0.0
895,29.833333333333332,230,0,48,48,0.0
896,29.866666666666667,230,0,48,48,0.0
897,29.9,230,0,48,48,0.0
898,29.933333333333334,230,0,48,48,0.0
899,29.966666666666665,230,0,48,48,0.0
900,30.0,230,0,48,48,0.0
901,30.033333333333335,230,0,48,48,0.0
902,30.066666666666666,230,0,48,48,0.0
903,30.1,230,0,48,48,0.0
904,30.133333333333333,230,0,48,48,0.0
905,30.166666666666668,230,0,48,48,0.0
906,30.2,230,0,48,48,0.0
907,30.233333333333334,230,0,48,48,0.0
908,30.266666666666666,230,0,48,48,0.0
909,30.3,230,0,48,48,0.0
910,30.333333333333332,230,0,48,48,0.0
911,30.366666666666667,230,0,48,48,0.0
912,30.4,230,0,48,48,0.0
913,30.433333333333334,230,0,48,48,0.0
914,30.466666666666665,230,0,48,48,0.0
915,30.5,230,0,48,48,0.0
916,30.533333333333335,230,0,48,48,0.0
917,30.566666666666666,230,0,48,48,0.0
918,30.6,230,0,48,48,0.0
919,30.633333333333333,230,0,48,48,0.0
920,30.666666666666668,230,0,48,48,0.0
921,30.7,230,0,48,48,0.0
922,30.733333333333334,230,0,48,48,0.0
923,30.766666666666666,230,0,48,48,0.0
924,30.8,230,0,48,48,0.0
925,30.833333333333332,230,0,48,48,0.0
926,30.866666666666667,230,0,48,48,0.0
927,30.9,230,0,48,48,0.0
928,30.933333333333334,230,0,48,48,0.0
929,30.966666666666665,230,0,48,48,0.0
930,31.0,230,0,48,48,0.0
931,31.033333333333335,230,0,48,48,0.0
932,31.066666666666666,230,0,48,48,0.0
933,31.1,230,0,48,48,0.0
934,31.133333333333333,230,0,48,48,0.0
935,31.166666666666668,230,0,48,48,0.0
936,31.2,230,0,48,48,0.0
937,31.233333333333334,230,0,48,48,0.0
938,31.266666666666666,230,0,48,48,0.0
939,31.3,230,0,48,48,0.0
940,31.333333333333332,230,0,48,48,0.0
941,31.366666666666667,230,1,47,47,0.0
942,31.4,230,2,46,46,0.0
943,31.433333333333334,230,3,45,45,0.0
944,31.466666666666665,230,5,43,43,0.0
945,31.5,230,6,42,42,0.0
946,31.533333333333335,230,7,41,41,0.0
947,31.566666666666666,230,8,40,40,0.0
948,31.6,230,9,39,39,0.0
949,31.633333333333333,230,10,38,38,0.0
950,31.666666666666668,230,12,36,36,0.0
951,31.7,230,13,35,35,0.0
952,31.733333333333334,230,14,34,34,0.0
953,31.766666666666666,230,15,33,33,0.0
954,31.8,230,16,32,32,0.0
955,31.833333333333332,230,17,31,31,0.0
956,31.866666666666667,230,18,30,30,0.0
957,31.9,230,20,28,28,0.0
958,31.933333333333334,230,21,27,27,0.0
959,31.966666666666665,230,22,26,26,0.0
960,32.0,230,23,25,25,0.0
961,32.03333333333333,230,24,24,24,0.0
962,32.06666666666667,230,25,23,23,0.0
963,32.1,230,27,21,21,0.0
964,32.13333333333333,230,28,20,20,0.0
965,32.166666666666664,230,29,19,19,0.0
966,32.2,230,30,18,18,0.0
967,32.233333333333334,230,31,17,17,0.0
968,32.266666666666666,230,32,16,16,0.0
969,32.3,230,34,14,14,0.0
970,32.333333333333336,230,35,13,13,0.0
971,32.36666666666667,230,35,12,12,0.0
972,32.4,230,35,11,11,0.0
973,32.43333333333333,230,35,10,10,0.0
974,32.46666666666667,230,34,9,9,0.0
975,32.5,230,35,7,7,0.0
976,32.53333333333333,230,35,6,6,0.0
977,32.56666666666667,230,35,5,5,0.0
978,32.6,230,35,4,4,0.0
979,32.63333333333333,230,35,3,3,0.0
980,32.666666666666664,230,34,2,2,0.0
981,32.7,230,34,1,0,0.0
982,32.733333333333334,230,34,0,0,0.0
983,32.766666666666666,230,33,0,0,0.0
984,32.8,230,32,0,0,0.0
985,32.833333333333336,230,31,0,0,0.0
986,32.86666666666667,230,30,0,0,0.0
987,32.9,230,28,0,0,0.0
988,32.93333333333333,230,27,0,0,0.0
989,32.96666666666667,230,26,0,0,0.0
990,33.0,230,25,0,0,0.0
991,33.03333333333333,230,24,0,0,0.0
992,33.06666666666667,230,23,0,0,0.0
993,33.1,230,21,0,0,0.0
994,33.13333333333333,230,20,0,0,0.0
995,33.166666666666664,230,19,0,0,0.0
996,33.2,230,18,0,0,0.0
997,33.233333333333334,230,17,0,0,0.0
998,33.266666666666666,230,16,0,0,0.0
999,33.3,230,14,0,0,0.0
1000,33.333333333333336,230,13,0,0,0.0
1001,33.36666666666667,230,12,0,0,0.0
1002,33.4,230,11,0,0,0.0
1003,33.43333333333333,230,10,0,0,0.0
1004,33.46666666666667,230,9,0,0,0.0
1005,33.5,230,7,0,0,0.0
1006,33.53333333333333,230,6,0,0,0.0
1007,33.56666666666667,230,5,0,0,0.0
1008,33.6,230,4,0,0,0.0
1009,33.63333333333333,230,3,0,0,0.0
1010,33.666666666666664,230,2,0,0,0.0
1011,33.7,230,0,0,0,0.0
1012,33.733333333333334,230,0,0,0,0.0
1013,33.766666666666666,230,0,0,0,0.0
1014,33.8,230,0,0,0,0.0
1015,33.833333333333336,230,0,0,0,0.0
1016,33.86666666666667,230,0,0,0,0.0
1017,33.9,230,0,0,0,0.0
1018,33.93333333333333,230,0,0,0,0.0
1019,33.96666666666667,230,0,0,0,0.0
1020,34.0,230,0,0,0,0.0
1021,34.03333333333333,230,0,0,0,0.0
1022,34.06666666666667,230,0,0,0,0.0
1023,34.1,230,0,0,0,0.0
1024,34.13333333333333,230,0,0,0,0.0
1025,34.166666666666664,230,0,0,0,0.0
1026,34.2,230,0,0,0,0.0
1027,34.233333333333334,230,0,0,0,0.0
1028,34.266666666666666,230,0,0,0,0.0
1029,34.3,230,0,0,0,0.0
1030,34.333333333333336,230,0,0,0,0.0
1031,34.36666666666667,230,0,0,0,0.0
1032,34.4,230,0,0,0,0.0
1033,34.43333333333333,230,0,0,0,0.0
1034,34.46666666666667,230,0,0,0,0.0
1035,34.5,230,0,0,0,0.0
1036,34.53333333333333,230,0,0,0,0.0
1037,34.56666666666667,230,0,0,0,0.0
1038,34.6,230,0,0,0,0.0
1039,34.63333333333333,230,0,0,0,0.0
1040,34.666666666666664,230,0,0,0,0.0
1041,34.7,230,0,0,0,0.0
1042,34.733333333333334,230,0,0,0,0.0
1043,34.766666666666666,230,0,0,0,0.0
1044,34.8,230,0,0,0,0.0
1045,34.833333333333336,230,0,0,0,0.0
1046,34.86666666666667,230,0,0,0,0.0
1047,34.9,230,0,0,0,0.0
1048,34.93333333333333,230,0,0,0,0.0
1049,34.96666666666667,230,0,0,0,0.0
1050,35.0,230,0,0,0,0.0
1051,35.03333333333333,230,0,0,0,0.0
1052,35.06666666666667,230,0,0,0,0.0
1053,35.1,230,0,0,0,0.0
1054,35.13333333333333,230,0,0,0,0.0
1055,35.166666666666664,230,0,0,0,0.0
1056,35.2,230,0,0,0,0.0
1057,35.233333333333334,230,0,0,0,0.0
1058,35.266666666666666,230,0,0,0,0.0
1059,35.3,230,0,0,0,0.0
1060,35.333333333333336,230,0,0,0,0.0
1061,35.36666666666667,230,0,0,0,0.0
1062,35.4,230,0,0,0,0.0
1063,35.43333333333333,230,0,0,0,0.0
1064,35.46666666666667,230,0,0,0,0.0
1065,35.5,230,0,0,0,0.0
1066,35.53333333333333,230,0,0,0,0.0
1067,35.56666666666667,230,0,0,0,0.0
1068,35.6,230,0,0,0,0.0
1069,35.63333333333333,230,0,0,0,0.0
1070,35.666666666666664,230,0,0,0,0.0
1071,35.7,230,0,0,0,0.0
1072,35.733333333333334,230,0,0,0,0.0
1073,35.766666666666666,230,0,0,0,0.0
1074,35.8,230,0,0,0,0.0
1075,35.833333333333336,230,0,0,0,0.0
1076,35.86666666666667,230,0,0,0,0.0
1077,35.9,230,0,0,0,0.0
1078,35.93333333333333,230,0,0,0,0.0
1079,35.96666666666667,230,0,0,0,0.0
1080,36.0,230,0,0,0,0.0
1081,36.03333333333333,230,0,0,0,0.0
1082,36.06666666666667,230,0,0,0,0.0
1083,36.1,230,0,0,0,0.0
1084,36.13333333333333,230,0,0,0,0.0
1085,36.166666666666664,230,0,0,0,0.0
1086,36.2,230,0,0,0,0.0
1087,36.233333333333334,230,0,0,0,0.0
1088,36.266666666666666,230,0,0,0,0.0
1089,36.3,230,0,0,0,0.0
1090,36.333333333333336,230,0,0,0,0.0
1091,36.36666666666667,230,0,0,0,0.0
1092,36.4,230,0,0,0,0.0
1093,36.43333333333333,230,0,0,0,0.0
1094,36.46666666666667,230,0,0,0,0.0
1095,36.5,230,0,0,0,0.0
1096,36.53333333333333,230,0,0,0,0.0
1097,36.56666666666667,230,0,0,0,0.0
1098,36.6,230,0,0,0,0.0
1099,36.63333333333333,230,0,0,0,0.0
1100,36.666666666666664,230,0,0,0,0.0
1101,36.7,230,0,0,0,0.0
1102,36.733333333333334,230,0,0,0,0.0
1103,36.766666666666666,230,0,0,0,0.0
1104,36.8,230,0,0,0,0.0
1105,36.833333333333336,230,0,0,0,0.0
1106,36.86666666666667,230,0,0,0,0.0
1107,36.9,230,0,0,0,0.0
1108,36.93333333333333,230,0,0,0,0.0
1109,36.96666666666667,230,0,0,0,0.0
1110,37.0,230,0,0,0,0.0
1111,37.03333333333333,230,0,0,0,0.0
1112,37.06666666666667,230,0,0,0,0.0
1113,37.1,230,0,0,0,0.0
1114,37.13333333333333,230,0,0,0,0.0
1115,37.166666666666664,230,0,0,0,0.0
1116,37.2,230,0,0,0,0.0
1117,37.233333333333334,230,0,0,0,0.0
1118,37.266666666666666,230,0,0,0,0.0
1119,37.3,230,0,0,0,0.0
1120,37.333333333333336,230,0,0,0,0.0
1121,37.36666666666667,230,0,0,0,0.0
1122,37.4,230,0,0,0,0.0
1123,37.43333333333333,230,0,0,0,0.0
1124,37.46666666666667,230,0,0,0,0.0
1125,37.5,230,0,0,0,0.0
1126,37.53333333333333,230,0,0,0,0.0
1127,37.56666666666667,230,0,0,0,0.0
1128,37.6,230,0,0,0,0.0
1129,37.63333333333333,230,0,0,0,0.0
1130,37.666666666666664,230,0,0,0,0.0
1131,37.7,230,0,0,0,0.0
1132,37.733333333333334,230,0,0,0,0.0
1133,37.766666666666666,230,0,0,0,0.0
1134,37.8,230,0,0,0,0.0
1135,37.833333333333336,230,0,0,0,0.0
1136,37.86666666666667,230,0,0,0,0.0
1137,37.9,230,0,0,0,0.0
1138,37.93333333333333,230,0,0,0,0.0
1139,37.96666666666667,230,0,0,0,0.0
1140,38.0,230,0,0,0,0.0
1141,38.03333333333333,230,0,0,0,0.0
1142,38.06666666666667,230,0,0,0,0.0
1143,38.1,230,0,0,0,0.0
1144,38.13333333333333,230,0,0,0,0.0
1145,38.166666666666664,230,0,0,0,0.0
1146,38.2,230,0,0,0,0.0
1147,38.233333333333334,230,0,0,0,0.0
1148,38.266666666666666,230,0,0,0,0.0
1149,38.3,230,0,0,0,0.0
1150,38.333333333333336,230,0,0,0,0.0
1151,38.36666666666667,230,0,0,0,0.0
1152,38.4,230,0,0,0,0.0
1153,38.43333333333333,230,0,0,0,0.0
1154,38.46666666666667,230,0,0,0,0.0
1155,38.5,230,0,0,0,0.0
1156,38.53333333333333,230,0,0,0,0.0
1157,38.56666666666667,230,0,0,0,0.0
1158,38.6,230,0,0,0,0.0
1159,38.63333333333333,230,0,0,0,0.0
1160,38.666666666666664,230,0,0,0,0.0
1161,38.7,230,0,0,0,0.0
1162,38.733333333333334,230,0,0,0,0.0
1163,38.766666666666666,230,0,0,0,0.0
1164,38.8,230,0,0,0,0.0
1165,38.833333333333336,230,0,0,0,0.0
1166,38.86666666666667,230,0,0,0,0.0
1167,38.9,230,0,0,0,0.0
1168,38.93333333333333,230,0,0,0,0.0
1169,38.96666666666667,230,0,0,0,0.0
1170,39.0,230,0,0,0,0.0
1171,39.03333333333333,230,0,0,0,0.0
1172,39.06666666666667,230,0,0,0,0.0
1173,39.1,230,0,0,0,0.0
1174,39.13333333333333,230,0,0,0,0.0
1175,39.166666666666664,230,0,0,0,0.0
1176,39.2,230,0,0,0,0.0
1177,39.233333333333334,230,0,0,0,0.0
1178,39.266666666666666,230,0,0,0,0.0
1179,39.3,230,0,0,0,0.0
1180,39.333333333333336,230,0,0,0,0.0
1181,39.36666666666667,230,0,0,0,0.0
1182,39.4,230,0,0,0,0.0
1183,39.43333333333333,230,0,0,0,0.0
1184,39.46666666666667,230,0,0,0,0.0
1185,39.5,230,0,0,0,0.0
1186,39.53333333333333,230,0,0,0,0.0
1187,39.56666666666667,230,0,0,0,0.0
1188,39.6,230,0,0,0,0.0
1189,39.63333333333333,230,0,0,0,0.0
1190,39.666666666666664,230,0,0,0,0.0
1191,39.7,230,0,0,0,0.0
1192,39.733333333333334,230,0,0,0,0.0
1193,39.766666666666666,230,0,0,0,0.0
1194,39.8,230,0,0,0,0.0
1195,39.833333333333336,230,0,0,0,0.0
1196,39.86666666666667,230,0,0,0,0.0
1197,39.9,230,0,0,0,0.0
1198,39.93333333333333,230,0,0,0,0.0
1199,39.96666666666667,230,0,0,0,0.0
1200,40.0,230,0,0,0,0.0
1201,40.03333333333333,230,0,0,0,0.0
1202,40.06666666666667,230,0,0,0,0.0
1203,40.1,230,0,0,0,0.0
1204,40.13333333333333,230,0,0,0,0.0
1205,40.166666666666664,230,0,0,0,0.0
1206,40.2,230,0,0,0,0.0
1207,40.233333333333334,230,0,0,0,0.0
1208,40.266666666666666,230,0,0,0,0.0
1209,40.3,230,0,0,0,0.0
1210,40.333333333333336,230,0,0,0,0.0
1211,40.36666666666667,230,2,0,0,0.0
1212,40.4,230,6,0,0,0.0
1213,40.43333333333333,230,9,0,0,0.0
1214,40.46666666666667,230,13,0,0,0.0
1215,40.5,230,16,0,0,0.2
1216,40.53333333333333,230,20,0,0,0.4
1217,40.56666666666667,230,23,0,0,0.6
1218,40.6,230,27,0,0,0.8
1219,40.63333333333333,230,30,0,0,1.2
1220,40.666666666666664,230,34,0,0,1.8
1221,40.7,230,37,0,0,2.2
1222,40.733333333333334,230,41,0,0,2.8
1223,40.766666666666666,230,44,0,0,3.6
1224,40.8,230,47,0,0,4.4
1225,40.833333333333336,230,48,0,0,5.2
1226,40.86666666666667,230,48,0,0,6.2
1227,40.9,230,48,0,0,7.0
1228,40.93333333333333,230,48,0,0,8.0
1229,40.96666666666667,230,48,0,0,9.2
1230,41.0,230,44,0,0,10.2
1231,41.03333333333333,230,41,0,0,11.2
1232,41.06666666666667,230,37,0,0,12.2
1233,41.1,230,34,0,0,13.4
1234,41.13333333333333,230,30,0,0,14.2
1235,41.166666666666664,230,27,0,0,15.2
1236,41.2,230,23,0,0,16.0
1237,41.233333333333334,230,20,0,0,16.8
1238,41.266666666666666,230,17,0,0,17.6
1239,41.3,230,13,0,0,18.2
1240,41.333333333333336,230,10,0,0,18.8
1241,41.36666666666667,230,6,0,0,19.4
1242,41.4,230,3,0,0,19.8
1243,41.43333333333333,230,0,0,0,20.2
1244,41.46666666666667,230,0,0,0,20.6
1245,41.5,230,0,0,0,20.8
1246,41.53333333333333,230,0,0,0,21.0
1247,41.56666666666667,230,0,0,0,21.2
1248,41.6,230,0,0,0,21.4
1249,41.63333333333333,230,0,0,0,21.4
1250,41.666666666666664,230,0,0,0,21.6
1251,41.7,230,0,0,0,21.6
1252,41.733333333333334,230,0,0,0,21.8
1253,41.766666666666666,230,0,0,0,21.8
1254,41.8,230,0,0,0,21.8
1255,41.833333333333336,230,0,0,0,21.8
1256,41.86666666666667,230,0,0,0,21.8
1257,41.9,230,0,0,0,22.0
1258,41.93333333333333,230,0,0,0,22.0
1259,41.96666666666667,230,0,0,0,22.0
1260,42.0,230,0,0,0,22.0
1261,42.03333333333333,230,0,0,0,22.0
1262,42.06666666666667,230,0,0,0,22.0
1263,42.1,230,0,0,0,22.0
1264,42.13333333333333,230,0,0,0,22.0
1265,42.166666666666664,230,2,0,2,22.0
1266,42.2,230,5,0,5,22.0
1267,42.233333333333334,230,8,0,8,22.0
1268,42.266666666666666,230,10,0,10,22.0
1269,42.3,230,13,0,13,22.0
1270,42.333333333333336,230,16,0,16,22.0
1271,42.36666666666667,230,19,0,19,22.0
1272,42.4,230,22,0,22,21.8
1273,42.43333333333333,230,25,0,25,21.8
1274,42.46666666666667,230,28,0,28,21.6
1275,42.5,230,30,0,30,21.6
1276,42.53333333333333,230,33,0,33,21.4
1277,42.56666666666667,230,36,0,36,21.0
1278,42.6,230,39,0,39,20.8
1279,42.63333333333333,230,42,0,42,20.4
1280,42.666666666666664,230,45,0,45,20.0
1281,42.7,230,47,0,48,19.6
1282,42.733333333333334,230,48,0,48,19.0
1283,42.766666666666666,230,48,0,48,18.4
1284,42.8,230,47,1,48,17.6
1285,42.833333333333336,230,45,3,48,17.0
1286,42.86666666666667,230,42,6,48,16.2
1287,42.9,230,39,9,48,15.4
1288,42.93333333333333,230,36,12,48,14.4
1289,42.96666666666667,230,33,15,48,13.6
1290,43.0,230,30,18,48,12.6
1291,43.03333333333333,230,28,20,48,11.6
1292,43.06666666666667,230,25,23,48,10.6
1293,43.1,230,22,26,48,9.8
1294,43.13333333333333,230,19,29,48,8.8
1295,43.166666666666664,230,16,32,48,7.8
1296,43.2,230,13,35,48,7.0
1297,43.233333333333334,230,10,38,48,6.2
1298,43.266666666666666,230,8,40,48,5.4
1299,43.3,230,5,43,48,4.6
1300,43.333333333333336,230,2,46,48,3.8
1301,43.36666666666667,230,0,48,48,3.2
1302,43.4,230,0,48,48,2.8
1303,43.43333333333333,230,0,48,48,2.2
1304,43.46666666666667,230,0,48,48,1.8
1305,43.5,230,0,48,48,1.6
1306,43.53333333333333,230,0,48,48,1.2
1307,43.56666666666667,230,0,48,48,1.0
1308,43.6,230,0,48,48,0.8
1309,43.63333333333333,230,0,48,48,0.6
1310,43.666666666666664,230,0,48,48,0.6
1311,43.7,230,0,48,48,0.4
1312,43.733333333333334,230,0,48,48,0.4
1313,43.766666666666666,230,0,48,48,0.2
1314,43.8,230,0,48,48,0.2
1315,43.833333333333336,230,0,48,48,0.2
1316,43.86666666666667,230,0,48,48,0.2
1317,43.9,230,0,48,48,0.2
1318,43.93333333333333,230,0,48,48,0.0
1319,43.96666666666667,230,0,48,48,0.0
1320,44.0,230,0,48,48,0.0
1321,44.03333333333333,230,0,48,48,0.0
1322,44.06666666666667,230,0,48,48,0.0
1323,44.1,230,0,48,48,0.0
1324,44.13333333333333,230,0,48,48,0.0
1325,44.166666666666664,230,0,48,48,0.0
1326,44.2,230,0,48,48,0.0
1327,44.233333333333334,230,0,48,48,0.0
1328,44.266666666666666,230,0,48,48,0.0
1329,44.3,230,0,48,48,0.0
1330,44.333333333333336,230,0,48,48,0.0
1331,44.36666666666667,230,0,48,48,0.0
1332,44.4,230,0,48,48,0.0
1333,44.43333333333333,230,0,48,48,0.0
1334,44.46666666666667,230,0,48,48,0.0
1335,44.5,230,0,48,48,0.0
1336,44.53333333333333,230,0,48,48,0.0
1337,44.56666666666667,230,0,48,48,0.0
1338,44.6,230,0,48,48,0.0
1339,44.63333333333333,230,0,48,48,0.0
1340,44.666666666666664,230,0,48,48,0.0
1341,44.7,230,0,48,48,0.0
1342,44.733333333333334,230,0,48,48,0.0
1343,44.766666666666666,230,0,48,48,0.0
1344,44.8,230,0,48,48,0.0
1345,44.833333333333336,230,0,48,48,0.0
1346,44.86666666666667,230,0,48,48,0.0
1347,44.9,230,0,48,48,0.0
1348,44.93333333333333,230,0,48,48,0.0
1349,44.96666666666667,230,0,48,48,0.0
1350,45.0,230,0,48,48,0.0
1351,45.03333333333333,230,0,48,48,0.0
1352,45.06666666666667,230,0,48,48,0.0
1353,45.1,230,0,48,48,0.0
1354,45.13333333333333,230,0,48,48,0.0
1355,45.166666666666664,230,0,48,48,0.0
1356,45.2,230,0,48,48,0.0
1357,45.233333333333334,230,0,48,48,0.0
1358,45.266666666666666,230,0,48,48,0.0
1359,45.3,230,0,48,48,0.0
1360,45.333333333333336,230,0,48,48,0.0
1361,45.36666666666667,230,0,48,48,0.0
1362,45.4,230,0,48,48,0.0
1363,45.43333333333333,230,0,48,48,0.0
1364,45.46666666666667,230,0,48,48,0.0
1365,45.5,230,0,48,48,0.0
1366,45.53333333333333,230,0,48,48,0.0
1367,45.56666666666667,230,0,48,48,0.0
1368,45.6,230,0,48,48,0.0
1369,45.63333333333333,230,0,48,48,0.0
1370,45.666666666666664,230,0,48,48,0.0
1371,45.7,230,0,48,48,0.0
1372,45.733333333333334,230,0,48,48,0.0
1373,45.766666666666666,230,0,48,48,0.0
1374,45.8,230,0,48,48,0.0
1375,45.833333333333336,230,0,48,48,0.0
1376,45.86666666666667,230,0,48,48,0.0
1377,45.9,230,0,48,48,0.0
1378,45.93333333333333,230,0,48,48,0.0
1379,45.96666666666667,230,0,48,48,0.0
1380,46.0,230,0,48,48,0.0
1381,46.03333333333333,230,0,48,48,0.0
1382,46.06666666666667,230,0,48,48,0.0
1383,46.1,230,0,48,48,0.0
1384,46.13333333333333,230,0,48,48,0.0
1385,46.166666666666664,230,0,48,48,0.0
1386,46.2,230,0,48,48,0.0
1387,46.233333333333334,230,0,48,48,0.0
1388,46.266666666666666,230,0,48,48,0.0
1389,46.3,230,0,48,48,0.0
1390,46.333333333333336,230,0,48,48,0.0
1391,46.36666666666667,230,0,48,48,0.0
1392,46.4,230,0,48,48,0.0
1393,46.43333333333333,230,0,48,48,0.0
1394,46.46666666666667,230,0,48,48,0.0
1395,46.5,230,0,48,48,0.0
1396,46.53333333333333,230,0,48,48,0.0
1397,46.56666666666667,230,0,48,48,0.0
1398,46.6,230,0,48,48,0.0
1399,46.63333333333333,230,0,48,48,0.0
1400,46.666666666666664,230,0,48,48,0.0
1401,46.7,230,0,48,48,0.0
1402,46.733333333333334,230,0,48,48,0.0
1403,46.766666666666666,230,0,48,48,0.0
1404,46.8,230,0,48,48,0.0
1405,46.833333333333336,230,0,48,48,0.0
1406,46.86666666666667,230,0,48,48,0.0
1407,46.9,230,0,48,48,0.0
1408,46.93333333333333,230,0,48,48,0.0
1409,46.96666666666667,230,0,48,48,0.0
1410,47.0,230,0,48,48,0.0
1411,47.03333333333333,230,0,48,48,0.0
1412,47.06666666666667,230,0,48,48,0.0
1413,47.1,230,0,48,48,0.0
1414,47.13333333333333,230,0,48,48,0.0
1415,47.166666666666664,230,0,48,48,0.0
1416,47.2,230,0,48,48,0.0
1417,47.233333333333334,230,0,48,48,0.0
1418,47.266666666666666,230,0,48,48,0.0
1419,47.3,230,0,48,48,0.0
1420,47.333333333333336,230,0,48,48,0.0
1421,47.36666666666667,230,0,48,48,0.0
1422,47.4,230,0,48,48,0.0
1423,47.43333333333333,230,0,48,48,0.0
1424,47.46666666666667,230,0,48,48,0.0
1425,47.5,230,0,48,48,0.0
1426,47.53333333333333,230,0,48,48,0.0
1427,47.56666666666667,230,0,48,48,0.0
1428,47.6,230,0,48,48,0.0
1429,47.63333333333333,230,0,48,48,0.0
1430,47.666666666666664,230,0,48,48,0.0
1431,47.7,230,0,48,48,0.0
1432,47.733333333333334,230,0,48,48,0.0
1433,47.766666666666666,230,0,48,48,0.0
1434,47.8,230,0,48,48,0.0
1435,47.833333333333336,230,0,48,48,0.0
1436,47.86666666666667,230,0,48,48,0.0
1437,47.9,230,0,48,48,0.0
1438,47.93333333333333,230,0,48,48,0.0
1439,47.96666666666667,230,0,48,48,0.0
1440,48.0,230,0,48,48,0.0
1441,48.03333333333333,230,0,48,48,0.0
1442,48.06666666666667,230,0,48,48,0.0
1443,48.1,230,0,48,48,0.0
1444,48.13333333333333,230,0,48,48,0.0
1445,48.166666666666664,230,0,48,48,0.0
1446,48.2,230,0,48,48,0.0
1447,48.233333333333334,230,0,48,48,0.0
1448,48.266666666666666,230,0,48,48,0.0
1449,48.3,230,0,48,48,0.0
1450,48.333333333333336,230,0,48,48,0.0
1451,48.36666666666667,230,0,48,48,0.0
1452,48.4,230,0,48,48,0.0
1453,48.43333333333333,230,0,48,48,0.0
1454,48.46666666666667,230,0,48,48,0.0
1455,48.5,230,0,48,48,0.0
1456,48.53333333333333,230,0,48,48,0.0
1457,48.56666666666667,230,0,48,48,0.0
1458,48.6,230,0,48,48,0.0
1459,48.63333333333333,230,0,48,48,0.0
1460,48.666666666666664,230,0,48,48,0.0
1461,48.7,230,0,48,48,0.0
1462,48.733333333333334,230,0,48,48,0.0
1463,48.766666666666666,230,0,48,48,0.0
1464,48.8,230,0,48,48,0.0
1465,48.833333333333336,230,0,48,48,0.0
1466,48.86666666666667,230,0,48,48,0.0
1467,48.9,230,0,48,48,0.0
1468,48.93333333333333,230,0,48,48,0.0
1469,48.96666666666667,230,0,48,48,0.0
1470,49.0,230,0,48,48,0.0
1471,49.03333333333333,230,0,48,48,0.0
1472,49.06666666666667,230,0,48,48,0.0
1473,49.1,230,0,48,48,0.0
1474,49.13333333333333,230,0,48,48,0.0
1475,49.166666666666664,230,0,48,48,0.0
1476,49.2,230,0,48,48,0.0
1477,49.233333333333334,230,0,48,48,0.0
1478,49.266666666666666,230,0,48,48,0.0
1479,49.3,230,0,48,48,0.0
1480,49.333333333333336,230,0,48,48,0.0
1481,49.36666666666667,230,0,48,48,0.0
1482,49.4,230,0,48,48,0.0
1483,49.43333333333333,230,0,48,48,0.0
1484,49.46666666666667,230,0,48,48,0.0
1485,49.5,230,0,48,48,0.0
1486,49.53333333333333,230,0,48,48,0.0
1487,49.56666666666667,230,0,48,48,0.0
1488,49.6,230,0,48,48,0.0
1489,49.63333333333333,230,0,48,48,0.0
1490,49.666666666666664,230,0,48,48,0.0
1491,49.7,230,0,48,48,0.0
1492,49.733333333333334,230,0,48,48,0.0
1493,49.766666666666666,230,0,48,48,0.0
1494,49.8,230,0,48,48,0.0
1495,49.833333333333336,230,0,48,48,0.0
1496,49.86666666666667,230,0,48,48,0.0
1497,49.9,230,0,48,48,0.0
1498,49.93333333333333,230,0,48,48,0.0
1499,49.96666666666667,230,0,48,48,0.0
1500,50.0,230,0,48,48,0.0
1501,50.03333333333333,230,0,48,48,0.0
1502,50.06666666666667,230,0,48,48,0.0
1503,50.1,230,0,48,48,0.0
1504,50.13333333333333,230,0,48,48,0.0
1505,50.166666666666664,230,0,48,48,0.0
1506,50.2,230,0,48,48,0.0
1507,50.233333333333334,230,0,48,48,0.0
1508,50.266666666666666,230,0,48,48,0.0
1509,50.3,230,0,48,48,0.0
1510,50.333333333333336,230,0,48,48,0.0
1511,50.36666666666667,230,0,48,48,0.0
1512,50.4,230,0,48,48,0.0
1513,50.43333333333333,230,0,48,48,0.0
1514,50.46666666666667,230,0,48,48,0.0
1515,50.5,230,0,48,48,0.0
1516,50.53333333333333,230,0,48,48,0.0
1517,50.56666666666667,230,0,48,48,0.0
1518,50.6,230,0,48,48,0.0
1519,50.63333333333333,230,0,48,48,0.0
1520,50.666666666666664,230,0,48,48,0.0
1521,50.7,230,0,48,48,0.0
1522,50.733333333333334,230,0,48,48,0.0
1523,50.766666666666666,230,0,48,48,0.0
1524,50.8,230,0,48,48,0.0
1525,50.833333333333336,230,0,48,48,0.0
1526,50.86666666666667,230,0,48,48,0.0
1527,50.9,230,0,48,48,0.0
1528,50.93333333333333,230,0,48,48,0.0
1529,50.96666666666667,230,0,48,48,0.0
1530,51.0,230,0,48,48,0.0
1531,51.03333333333333,230,0,48,48,0.0
1532,51.06666666666667,230,0,48,48,0.0
1533,51.1,230,0,48,48,0.0
1534,51.13333333333333,230,0,48,48,0.0
1535,51.166666666666664,230,0,48,48,0.0
1536,51.2,230,0,48,48,0.0
1537,51.233333333333334,230,0,48,48,0.0
1538,51.266666666666666,230,0,48,48,0.0
1539,51.3,230,0,48,48,0.0
1540,51.333333333333336,230,0,48,48,0.0
1541,51.36666666666667,230,0,48,48,0.0
1542,51.4,230,0,48,48,0.0
1543,51.43333333333333,230,0,48,48,0.0
1544,51.46666666666667,230,0,48,48,0.0
1545,51.5,230,0,48,48,0.0
1546,51.53333333333333,230,0,48,48,0.0
1547,51.56666666666667,230,0,48,48,0.0
1548,51.6,230,0,48,48,0.0
1549,51.63333333333333,230,0,48,48,0.0
1550,51.666666666666664,230,0,48,48,0.0
1551,51.7,230,0,48,48,0.0
1552,51.733333333333334,230,0,48,48,0.0
1553,51.766666666666666,230,0,48,48,0.0
1554,51.8,230,0,48,48,0.0
1555,51.833333333333336,230,0,48,48,0.0
1556,51.86666666666667,230,0,48,48,0.0
1557,51.9,230,0,48,48,0.0
1558,51.93333333333333,230,0,48,48,0.0
1559,51.96666666666667,230,0,48,48,0.0
1560,52.0,230,0,48,48,0.0
1561,52.03333333333333,230,0,48,48,0.0
1562,52.06666666666667,230,0,48,48,0.0
1563,52.1,230,0,48,48,0.0
1564,52.13333333333333,230,0,48,48,0.0
1565,52.166666666666664,230,0,48,48,0.0
1566,52.2,230,0,48,48,0.0
1567,52.233333333333334,230,0,48,48,0.0
1568,52.266666666666666,230,0,48,48,0.0
1569,52.3,230,0,48,48,0.0
1570,52.333333333333336,230,0,48,48,0.0
1571,52.36666666666667,230,0,48,48,0.0
1572,52.4,230,0,48,48,0.0
1573,52.43333333333333,230,0,48,48,0.0
1574,52.46666666666667,230,0,48,48,0.0
1575,52.5,230,0,48,48,0.0
1576,52.53333333333333,230,0,48,48,0.0
1577,52.56666666666667,230,0,48,48,0.0
1578,52.6,230,0,48,48,0.0
1579,52.63333333333333,230,0,48,48,0.0
1580,52.666666666666664,230,0,48,48,0.0
1581,52.7,230,0,48,48,0.0
1582,52.733333333333334,230,0,48,48,0.0
1583,52.766666666666666,230,0,48,48,0.0
1584,52.8,230,0,48,48,0.0
1585,52.833333333333336,230,0,48,48,0.0
1586,52.86666666666667,230,0,48,48,0.0
1587,52.9,230,0,48,48,0.0
1588,52.93333333333333,230,0,48,48,0.0
1589,52.96666666666667,230,0,48,48,0.0
1590,53.0,230,0,48,48,0.0
1591,53.03333333333333,230,0,48,48,0.0
1592,53.06666666666667,230,0,48,48,0.0
1593,53.1,230,0,48,48,0.0
1594,53.13333333333333,230,0,48,48,0.0
1595,53.166666666666664,230,0,48,48,0.0
1596,53.2,230,0,48,48,0.0
1597,53.233333333333334,230,0,48,48,0.0
1598,53.266666666666666,230,0,48,48,0.0
1599,53.3,230,0,48,48,0.0
1600,53.333333333333336,230,0,48,48,0.0
1601,53.36666666666667,230,0,48,48,0.0
1602,53.4,230,0,48,48,0.0
1603,53.43333333333333,230,0,48,48,0.0
1604,53.46666666666667,230,0,48,48,0.0
1605,53.5,230,0,48,48,0.0
1606,53.53333333333333,230,0,48,48,0.0
1607,53.56666666666667,230,0,48,48,0.0
1608,53.6,230,0,48,48,0.0
1609,53.63333333333333,230,0,48,48,0.0
1610,53.666666666666664,230,0,48,48,0.0
1611,53.7,230,0,48,48,0.0
1612,53.733333333333334,230,1,48,48,0.0
1613,53.766666666666666,230,1,48,48,0.0
1614,53.8,230,1,48,48,0.0
1615,53.833333333333336,230,1,48,48,0.0
1616,53.86666666666667,230,2,48,48,0.0
1617,53.9,230,2,48,48,0.0
1618,53.93333333333333,230,2,48,48,0.2
1619,53.96666666666667,230,2,48,48,0.2
1620,54.0,230,2,48,48,0.2
1621,54.03333333333333,230,3,48,48,0.2
1622,54.06666666666667,230,3,48,48,0.4
1623,54.1,230,3,48,48,0.4
1624,54.13333333333333,230,3,48,48,0.4
1625,54.166666666666664,230,3,48,48,0.6
1626,54.2,230,4,48,48,0.6
1627,54.233333333333334,230,4,48,48,0.8
1628,54.266666666666666,230,4,48,48,0.8
1629,54.3,230,4,48,48,1.0
1630,54.333333333333336,230,4,48,48,1.0
1631,54.36666666666667,230,5,48,48,1.2
1632,54.4,230,5,48,48,1.2
1633,54.43333333333333,230,5,48,48,1.4
1634,54.46666666666667,230,5,48,48,1.4
1635,54.5,230,6,48,48,1.6
1636,54.53333333333333,230,6,48,48,1.6
1637,54.56666666666667,230,6,48,48,1.8
1638,54.6,230,6,48,48,2.0
1639,54.63333333333333,230,6,48,48,2.0
1640,54.666666666666664,230,7,48,48,2.2
1641,54.7,230,7,48,48,2.2
1642,54.733333333333334,230,7,48,48,2.4
1643,54.766666666666666,230,7,48,48,2.6
1644,54.8,230,7,48,48,2.6
1645,54.833333333333336,230,7,48,48,2.8
1646,54.86666666666667,230,7,48,48,3.0
1647,54.9,230,7,48,48,3.0
1648,54.93333333333333,230,7,48,48,3.2
1649,54.96666666666667,230,6,48,48,3.4
1650,55.0,230,7,48,48,3.4
1651,55.03333333333333,230,7,48,48,3.6
1652,55.06666666666667,230,7,48,48,3.8
1653,55.1,230,7,48,48,3.8
1654,55.13333333333333,230,7,48,48,4.0
1655,55.166666666666664,230,7,48,48,4.2
1656,55.2,230,7,48,48,4.2
1657,55.233333333333334,230,7,48,48,4.4
1658,55.266666666666666,230,7,48,48,4.6
1659,55.3,230,7,48,48,4.6
1660,55.333333333333336,230,7,48,48,4.8
1661,55.36666666666667,230,7,48,48,5.0
1662,55.4,230,7,48,48,5.0
1663,55.43333333333333,230,7,48,48,5.2
1664,55.46666666666667,230,7,48,48,5.4
1665,55.5,230,7,48,48,5.4
1666,55.53333333333333,230,7,48,48,5.6
1667,55.56666666666667,230,7,48,48,5.8
1668,55.6,230,6,48,48,5.8
1669,55.63333333333333,230,7,48,48,6.0
1670,55.666666666666664,230,7,48,48,6.0
1671,55.7,230,7,48,48,6.2
1672,55.733333333333334,230,7,48,48,6.4
1673,55.766666666666666,230,7,48,48,6.4
1674,55.8,230,7,48,48,6.6
1675,55.833333333333336,230,7,48,48,6.6
1676,55.86666666666667,230,7,48,48,6.8
1677,55.9,230,7,48,48,7.0
1678,55.93333333333333,230,7,48,48,7.0
1679,55.96666666666667,230,7,48,48,7.2
1680,56.0,230,7,48,48,7.2
1681,56.03333333333333,230,7,48,48,7.4
1682,56.06666666666667,230,7,48,48,7.4
1683,56.1,230,7,48,48,7.6
1684,56.13333333333333,230,7,48,48,7.6
1685,56.166666666666664,230,7,48,48,7.8
1686,56.2,230,7,48,48,8.0
1687,56.233333333333334,230,6,48,48,8.0
1688,56.266666666666666,230,7,48,48,8.2
1689,56.3,230,7,48,48,8.2
1690,56.333333333333336,230,7,48,48,8.4
1691,56.36666666666667,230,7,48,48,8.4
1692,56.4,230,7,48,48,8.6
1693,56.43333333333333,230,7,48,48,8.6
1694,56.46666666666667,230,7,48,48,8.8
1695,56.5,230,7,48,48,8.8
1696,56.53333333333333,230,7,48,48,9.0
1697,56.56666666666667,230,7,48,48,9.0
1698,56.6,230,7,48,48,9.2
1699,56.63333333333333,230,7,48,48,9.2
1700,56.666666666666664,230,7,48,48,9.4
1701,56.7,230,7,48,48,9.4
1702,56.733333333333334,230,7,48,48,9.6
1703,56.766666666666666,230,7,48,48,9.6
1704,56.8,230,7,48,48,9.8
1705,56.833333333333336,230,7,48,48,9.8
1706,56.86666666666667,230,6,48,48,10.0
1707,56.9,230,7,48,48,10.0
1708,56.93333333333333,230,7,48,48,10.2
1709,56.96666666666667,230,7,48,48,10.2
1710,57.0,230,7,48,48,10.4
1711,57.03333333333333,230,7,48,48,10.4
1712,57.06666666666667,230,7,48,48,10.4
1713,57.1,230,7,48,48,10.6
1714,57.13333333333333,230,7,48,48,10.6
1715,57.166666666666664,230,7,48,48,10.8
1716,57.2,230,7,48,48,10.8
1717,57.233333333333334,230,7,48,48,11.0
1718,57.266666666666666,230,7,48,48,11.0
1719,57.3,230,7,48,48,11.2
1720,57.333333333333336,230,7,48,48,11.2
1721,57.36666666666667,230,7,48,48,11.2
1722,57.4,230,7,48,48,11.4
1723,57.43333333333333,230,7,48,48,11.4
1724,57.46666666666667,230,7,48,48,11.6
1725,57.5,230,6,48,48,11.6
1726,57.53333333333333,230,6,48,48,11.6
1727,57.56666666666667,230,6,48,48,11.8
1728,57.6,230,6,48,48,11.8
1729,57.63333333333333,230,6,48,48,11.8
1730,57.666666666666664,230,5,48,48,11.8
1731,57.7,230,5,48,48,12.0
1732,57.733333333333334,230,5,48,48,12.0
1733,57.766666666666666,230,5,48,48,12.0
1734,57.8,230,5,48,48,12.0
1735,57.833333333333336,230,4,48,48,12.0
1736,57.86666666666667,230,4,48,48,12.2
1737,57.9,230,4,48,48,12.2
1738,57.93333333333333,230,4,48,48,12.2
1739,57.96666666666667,230,4,48,48,12.2
1740,58.0,230,3,48,48,12.2
1741,58.03333333333333,230,3,48,48,12.2
1742,58.06666666666667,230,3,48,48,12.2
1743,58.1,230,3,48,48,12.2
1744,58.13333333333333,230,2,48,48,12.2
1745,58.166666666666664,230,2,48,48,12.2
1746,58.2,230,2,48,48,12.2
1747,58.233333333333334,230,2,48,48,12.2
1748,58.266666666666666,230,2,48,48,12.2
1749,58.3,230,1,48,48,12.2
1750,58.333333333333336,230,1,48,48,12.2
1751,58.36666666666667,230,1,48,48,12.2
1752,58.4,230,1,48,48,12.2
1753,58.43333333333333,230,1,48,48,12.2
1754,58.46666666666667,230,0,48,48,12.2
1755,58.5,230,0,48,48,12.2
1756,58.53333333333333,230,0,48,48,12.2
1757,58.56666666666667,230,0,48,48,12.2
1758,58.6,230,0,48,48,12.2
1759,58.63333333333333,230,0,48,48,12.2
1760,58.666666666666664,230,0,48,48,12.2
1761,58.7,230,0,48,48,12.2
1762,58.733333333333334,230,0,48,48,12.2
1763,58.766666666666666,230,0,48,48,12.2
1764,58.8,230,0,48,48,12.2
1765,58.833333333333336,230,0,48,48,12.2
1766,58.86666666666667,230,0,48,48,12.2
1767,58.9,230,0,48,48,12.2
1768,58.93333333333333,230,0,48,48,12.2
1769,58.96666666666667,230,0,48,48,12.2
1770,59.0,230,0,48,48,12.2
1771,59.03333333333333,230,0,48,48,12.2
1772,59.06666666666667,230,0,48,48,12.2
1773,59.1,230,0,48,48,12.2
1774,59.13333333333333,230,0,48,48,12.2
1775,59.166666666666664,230,0,48,48,12.2
1776,59.2,230,0,48,48,12.2
1777,59.233333333333334,230,0,48,48,12.2
1778,59.266666666666666,230,0,48,48,12.2
1779,59.3,230,0,48,48,12.2
1780,59.333333333333336,230,0,48,48,12.2
1781,59.36666666666667,230,0,48,48,12.2
1782,59.4,230,0,48,48,12.2
1783,59.43333333333333,230,0,48,48,12.2
1784,59.46666666666667,230,0,48,48,12.2
1785,59.5,230,0,48,48,12.2
1786,59.53333333333333,230,0,48,48,12.2
1787,59.56666666666667,230,0,48,48,12.2
1788,59.6,230,0,48,48,12.2
1789,59.63333333333333,230,0,48,48,12.2
1790,59.666666666666664,230,0,48,48,12.2
1791,59.7,230,0,48,48,12.2
1792,59.733333333333334,230,0,48,48,12.2
1793,59.766666666666666,230,0,48,48,12.2
1794,59.8,230,0,48,48,12.2
1795,59.833333333333336,230,0,48,48,12.2
1796,59.86666666666667,230,0,48,48,12.2
1797,59.9,230,0,48,48,12.2
1798,59.93333333333333,230,0,48,48,12.2
1799,59.96666666666667,230,0,48,48,12.2
1800,60.0,230,0,48,48,12.2
1801,60.03333333333333,230,0,48,48,12.2
1802,60.06666666666667,230,0,48,48,12.2
1803,60.1,230,0,48,48,12.2
1804,60.13333333333333,230,0,48,48,12.2
1805,60.166666666666664,230,0,48,48,12.2
1806,60.2,230,0,48,48,12.2
1807,60.233333333333334,230,0,48,48,12.2
1808,60.266666666666666,230,0,48,48,12.2
1809,60.3,230,0,48,48,12.2
1810,60.333333333333336,230,0,48,48,12.2
1811,60.36666666666667,230,0,48,48,12.2
1812,60.4,230,0,48,48,12.2
1813,60.43333333333333,230,0,48,48,12.2
1814,60.46666666666667,230,0,48,48,12.2
1815,60.5,230,0,48,48,12.2
1816,60.53333333333333,230,0,48,48,12.2
1817,60.56666666666667,230,0,48,48,12.2
1818,60.6,230,0,48,48,12.2
1819,60.63333333333333,230,0,48,48,12.2
1820,60.666666666666664,230,0,48,48,12.2
1821,60.7,230,0,48,48,12.2
1822,60.733333333333334,230,0,48,48,12.2
1823,60.766666666666666,230,0,48,48,12.2
1824,60.8,230,0,48,48,12.2
1825,60.833333333333336,230,0,48,48,12.2
1826,60.86666666666667,230,0,48,48,12.2
1827,60.9,230,0,48,48,12.2
1828,60.93333333333333,230,0,48,48,12.2
1829,60.96666666666667,230,0,48,48,12.2
1830,61.0,230,0,48,48,12.2
1831,61.03333333333333,230,0,48,48,12.2
1832,61.06666666666667,230,0,48,48,12.2
1833,61.1,230,0,48,48,12.2
1834,61.13333333333333,230,0,48,48,12.2
1835,61.166666666666664,230,0,48,48,12.2
1836,61.2,230,0,48,48,12.2
1837,61.233333333333334,230,0,48,48,12.2
1838,61.266666666666666,230,0,48,48,12.2
1839,61.3,230,0,48,48,12.2
1840,61.333333333333336,230,0,48,48,12.2
1841,61.36666666666667,230,0,48,48,12.2
1842,61.4,230,0,48,48,12.2
1843,61.43333333333333,230,0,48,48,12.2
1844,61.46666666666667,230,0,48,48,12.2
1845,61.5,230,0,48,48,12.2
1846,61.53333333333333,230,0,48,48,12.2
1847,61.56666666666667,230,0,48,48,12.2
1848,61.6,230,0,48,48,12.2
1849,61.63333333333333,230,0,48,48,12.2
1850,61.666666666666664,230,0,48,48,12.2
1851,61.7,230,0,48,48,12.2
1852,61.733333333333334,230,0,48,48,12.2
1853,61.766666666666666,230,0,48,48,12.2
1854,61.8,230,0,48,48,12.2
1855,61.833333333333336,230,0,48,48,12.2
1856,61.86666666666667,230,0,48,48,12.2
1857,61.9,230,0,48,48,12.2
1858,61.93333333333333,230,0,48,48,12.2
1859,61.96666666666667,230,0,48,48,12.2
1860,62.0,230,0,48,48,12.2
1861,62.03333333333333,230,0,48,48,12.2
1862,62.06666666666667,230,0,48,48,12.2
1863,62.1,230,0,48,48,12.2
1864,62.13333333333333,230,0,48,48,12.2
1865,62.166666666666664,230,0,48,48,12.2
1866,62.2,230,0,48,48,12.2
1867,62.233333333333334,230,0,48,48,12.2
1868,62.266666666666666,230,0,48,48,12.2
1869,62.3,230,0,48,48,12.2
1870,62.333333333333336,230,0,48,48,12.2
1871,62.36666666666667,230,0,48,48,12.2
1872,62.4,230,0,48,48,12.2
1873,62.43333333333333,230,0,48,48,12.2
1874,62.46666666666667,230,0,48,48,12.2
1875,62.5,230,0,48,48,12.2
1876,62.53333333333333,230,0,48,48,12.2
1877,62.56666666666667,230,0,48,48,12.2
1878,62.6,230,0,48,48,12.2
1879,62.63333333333333,230,0,48,48,12.2
1880,62.666666666666664,230,0,48,48,12.2
1881,62.7,230,0,48,48,12.2
1882,62.733333333333334,230,0,48,48,12.2
1883,62.766666666666666,230,0,48,48,12.2
1884,62.8,230,0,48,48,12.2
1885,62.833333333333336,230,0,48,48,12.2
1886,62.86666666666667,230,0,48,48,12.2
1887,62.9,230,0,48,48,12.2
1888,62.93333333333333,230,0,48,48,12.2
1889,62.96666666666667,230,0,48,48,12.2
1890,63.0,230,0,48,48,12.2
1891,63.03333333333333,230,0,48,48,12.2
1892,63.06666666666667,230,0,48,48,12.2
1893,63.1,230,0,48,48,12.2
1894,63.13333333333333,230,0,48,48,12.2
1895,63.166666666666664,230,0,48,48,12.2
1896,63.2,230,0,48,48,12.2
1897,63.233333333333334,230,0,48,48,12.2
1898,63.266666666666666,230,0,48,48,12.2
1899,63.3,230,0,48,48,12.2
1900,63.333333333333336,230,0,48,48,12.2
1901,63.36666666666667,230,0,48,48,12.2
1902,63.4,230,0,48,48,12.2
1903,63.43333333333333,230,0,48,48,12.2
1904,63.46666666666667,230,0,48,48,12.2
1905,63.5,230,0,48,48,12.2
1906,63.53333333333333,230,0,48,48,12.2
1907,63.56666666666667,230,0,48,48,12.2
1908,63.6,230,0,48,48,12.2
1909,63.63333333333333,230,0,48,48,12.2
1910,63.666666666666664,230,0,48,48,12.2
1911,63.7,230,0,48,48,12.2
1912,63.733333333333334,230,0,48,48,12.2
1913,63.766666666666666,230,0,48,48,12.2
1914,63.8,230,0,48,48,12.2
1915,63.833333333333336,230,0,48,48,12.2
1916,63.86666666666667,230,0,48,48,12.2
1917,63.9,230,0,48,48,12.2
1918,63.93333333333333,230,0,48,48,12.2
1919,63.96666666666667,230,0,48,48,12.2
1920,64.0,230,0,48,48,12.2
1921,64.03333333333333,230,0,48,48,12.2
1922,64.06666666666666,230,0,48,48,12.2
1923,64.1,230,0,48,48,12.2
1924,64.13333333333334,230,0,48,48,12.2
1925,64.16666666666667,230,0,48,48,12.2
1926,64.2,230,0,48,48,12.2
1927,64.23333333333333,230,0,48,48,12.2
1928,64.26666666666667,230,0,48,48,12.2
1929,64.3,230,0,48,48,12.2
1930,64.33333333333333,230,0,48,48,12.2
1931,64.36666666666666,230,0,48,48,12.2
1932,64.4,230,0,48,48,12.2
1933,64.43333333333334,230,0,48,48,12.2
1934,64.46666666666667,230,0,48,48,12.2
1935,64.5,230,0,48,48,12.2
1936,64.53333333333333,230,0,48,48,12.2
1937,64.56666666666666,230,0,48,48,12.2
1938,64.6,230,0,48,48,12.2
1939,64.63333333333334,230,0,48,48,12.2
1940,64.66666666666667,230,0,48,48,12.2
1941,64.7,230,0,48,48,12.2
1942,64.73333333333333,230,0,48,48,12.2
1943,64.76666666666667,230,0,48,48,12.2
1944,64.8,230,0,48,48,12.2
1945,64.83333333333333,230,0,48,48,12.2
1946,64.86666666666666,230,0,48,48,12.2
1947,64.9,230,0,48,48,12.2
1948,64.93333333333334,230,0,48,48,12.2
1949,64.96666666666667,230,0,48,48,12.2
1950,65.0,230,0,48,48,12.2
1951,65.03333333333333,230,0,48,48,12.2
1952,65.06666666666666,230,0,48,48,12.2
1953,65.1,230,0,48,48,12.2
1954,65.13333333333334,230,0,48,48,12.2
1955,65.16666666666667,230,0,48,48,12.2
1956,65.2,230,0,48,48,12.2
1957,65.23333333333333,230,0,48,48,12.2
1958,65.26666666666667,230,0,48,48,12.2
1959,65.3,230,0,48,48,12.2
1960,65.33333333333333,230,0,48,48,12.2
1961,65.36666666666666,230,0,48,48,12.2
1962,65.4,230,0,48,48,12.2
1963,65.43333333333334,230,0,48,48,12.2
1964,65.46666666666667,230,0,48,48,12.2
1965,65.5,230,0,48,48,12.2
1966,65.53333333333333,230,0,48,48,12.2
1967,65.56666666666666,230,0,48,48,12.2
1968,65.6,230,0,48,48,12.2
1969,65.63333333333334,230,0,48,48,12.2
1970,65.66666666666667,230,0,48,48,12.2
1971,65.7,230,0,48,48,12.2
1972,65.73333333333333,230,0,48,48,12.2
1973,65.76666666666667,230,0,48,48,12.2
1974,65.8,230,0,48,48,12.2
1975,65.83333333333333,230,0,48,48,12.2
1976,65.86666666666666,230,0,48,48,12.2
1977,65.9,230,0,48,48,12.2
1978,65.93333333333334,230,0,48,48,12.2
1979,65.96666666666667,230,0,48,48,12.2
1980,66.0,230,0,48,48,12.2
1981,66.03333333333333,230,0,48,48,12.2
1982,66.06666666666666,230,0,48,48,12.2
1983,66.1,230,0,48,48,12.2
1984,66.13333333333334,230,0,48,48,12.2
1985,66.16666666666667,230,0,48,48,12.2
1986,66.2,230,0,48,48,12.2
1987,66.23333333333333,230,0,48,48,12.2
1988,66.26666666666667,230,0,48,48,12.2
1989,66.3,230,0,48,48,12.2
1990,66.33333333333333,230,0,48,48,12.2
1991,66.36666666666666,230,0,48,48,12.2
1992,66.4,230,0,48,48,12.2
1993,66.43333333333334,230,0,48,48,12.2
1994,66.46666666666667,230,0,48,48,12.2
1995,66.5,230,0,48,48,12.2
1996,66.53333333333333,230,0,48,48,12.2
1997,66.56666666666666,230,0,48,48,12.2
1998,66.6,230,0,48,48,12.2
1999,66.63333333333334,230,0,48,48,12.2
2000,66.66666666666667,230,0,48,48,12.2
2001,66.7,230,0,48,48,12.2
2002,66.73333333333333,230,0,48,48,12.2
2003,66.76666666666667,230,0,48,48,12.2
2004,66.8,230,0,48,48,12.2
2005,66.83333333333333,230,0,48,48,12.2
2006,66.86666666666666,230,0,48,48,12.2
2007,66.9,230,0,48,48,12.2
2008,66.93333333333334,230,0,48,48,12.2
2009,66.96666666666667,230,0,48,48,12.2
2010,67.0,230,0,48,48,12.2
2011,67.03333333333333,230,0,48,48,12.2
2012,67.06666666666666,230,0,48,48,12.2
2013,67.1,230,0,48,48,12.2
2014,67.13333333333334,230,0,48,48,12.2
2015,67.16666666666667,230,0,48,48,12.2
2016,67.2,230,0,48,48,12.2
2017,67.23333333333333,230,0,48,48,12.2
2018,67.26666666666667,230,0,48,48,12.2
2019,67.3,230,0,48,48,12.2
2020,67.33333333333333,230,0,48,48,12.2
2021,67.36666666666666,230,0,48,48,12.2
2022,67.4,230,0,48,48,12.2
2023,67.43333333333334,230,0,48,48,12.2
2024,67.46666666666667,230,0,48,48,12.2
2025,67.5,230,0,48,48,12.2
2026,67.53333333333333,230,0,48,48,12.2
2027,67.56666666666666,230,0,48,48,12.2
2028,67.6,230,0,48,48,12.2
2029,67.63333333333334,230,0,48,48,12.2
2030,67.66666666666667,230,0,48,48,12.2
2031,67.7,230,0,48,48,12.2
2032,67.73333333333333,230,0,48,48,12.2
2033,67.76666666666667,230,0,48,48,12.2
2034,67.8,230,0,48,48,12.2
2035,67.83333333333333,230,0,48,48,12.2
2036,67.86666666666666,230,0,48,48,12.2
2037,67.9,230,0,48,48,12.2
2038,67.93333333333334,230,0,48,48,12.2
2039,67.96666666666667,230,0,48,48,12.2
2040,68.0,230,0,48,48,12.2
2041,68.03333333333333,230,0,48,48,12.2
2042,68.06666666666666,230,0,48,48,12.2
2043,68.1,230,0,48,48,12.2
2044,68.13333333333334,230,0,48,48,12.2
2045,68.16666666666667,230,0,48,48,12.2
2046,68.2,230,0,48,48,12.2
2047,68.23333333333333,230,0,48,48,12.2
2048,68.26666666666667,230,0,48,48,12.2
2049,68.3,230,0,48,48,12.2
2050,68.33333333333333,230,0,48,48,12.2
2051,68.36666666666666,230,0,48,48,12.2
2052,68.4,230,0,48,48,12.2
2053,68.43333333333334,230,0,48,48,12.2
2054,68.46666666666667,230,0,48,48,12.2
2055,68.5,230,0,48,48,12.2
2056,68.53333333333333,230,0,48,48,12.2
2057,68.56666666666666,230,0,48,48,12.2
2058,68.6,230,0,48,48,12.2
2059,68.63333333333334,230,0,48,48,12.2
2060,68.66666666666667,230,0,48,48,12.2
2061,68.7,230,0,48,48,12.2
2062,68.73333333333333,230,0,48,48,12.2
2063,68.76666666666667,230,0,48,48,12.2
2064,68.8,230,0,48,48,12.2
2065,68.83333333333333,230,0,48,48,12.2
2066,68.86666666666666,230,0,48,48,12.2
2067,68.9,230,0,48,48,12.2
2068,68.93333333333334,230,0,48,48,12.2
2069,68.96666666666667,230,0,48,48,12.2
2070,69.0,230,0,48,48,12.2
2071,69.03333333333333,230,0,48,48,12.2
2072,69.06666666666666,230,0,48,48,12.2
2073,69.1,230,0,48,48,12.2
2074,69.13333333333334,230,0,48,48,12.2
2075,69.16666666666667,230,0,48,48,12.2
2076,69.2,230,0,48,48,12.2
2077,69.23333333333333,230,0,48,48,12.2
2078,69.26666666666667,230,0,48,48,12.2
2079,69.3,230,0,48,48,12.2
2080,69.33333333333333,230,0,48,48,12.2
2081,69.36666666666666,230,0,48,48,12.2
2082,69.4,230,0,48,48,12.2
2083,69.43333333333334,230,0,48,48,12.2
2084,69.46666666666667,230,0,48,48,12.2
2085,69.5,230,0,48,48,12.2
2086,69.53333333333333,230,0,48,48,12.2
2087,69.56666666666666,230,0,48,48,12.2
2088,69.6,230,0,48,48,12.2
2089,69.63333333333334,230,0,48,48,12.2
2090,69.66666666666667,230,0,48,48,12.2
2091,69.7,230,0,48,48,12.2
2092,69.73333333333333,230,0,48,48,12.2
2093,69.76666666666667,230,0,48,48,12.2
2094,69.8,230,0,48,48,12.2
2095,69.83333333333333,230,0,48,48,12.2
2096,69.86666666666666,230,0,48,48,12.2
2097,69.9,230,0,48,48,12.2
2098,69.93333333333334,230,0,48,48,12.2
2099,69.96666666666667,230,0,48,48,12.2
2100,70.0,230,0,48,48,12.2
2101,70.03333333333333,230,0,48,48,12.2
2102,70.06666666666666,230,0,48,48,12.2
2103,70.1,230,0,48,48,12.2
2104,70.13333333333334,230,0,48,48,12.2
2105,70.16666666666667,230,0,48,48,12.2
2106,70.2,230,0,48,48,12.2
2107,70.23333333333333,230,0,48,48,12.2
2108,70.26666666666667,230,0,48,48,12.2
2109,70.3,230,0,48,48,12.2
2110,70.33333333333333,230,0,48,48,12.2
2111,70.36666666666666,230,0,48,48,12.2
2112,70.4,230,0,48,48,12.2
2113,70.43333333333334,230,0,48,48,12.2
2114,70.46666666666667,230,0,48,48,12.2
2115,70.5,230,0,48,48,12.2
2116,70.53333333333333,230,0,48,48,12.2
2117,70.56666666666666,230,0,48,48,12.2
2118,70.6,230,0,48,48,12.2
2119,70.63333333333334,230,0,48,48,12.2
2120,70.66666666666667,230,0,48,48,12.2
2121,70.7,230,0,48,48,12.2
2122,70.73333333333333,230,0,48,48,12.2
2123,70.76666666666667,230,0,48,48,12.2
2124,70.8,230,0,48,48,12.2
2125,70.83333333333333,230,0,48,48,12.2
2126,70.86666666666666,230,0,48,48,12.2
2127,70.9,230,0,48,48,12.2
2128,70.93333333333334,230,0,48,48,12.2
2129,70.96666666666667,230,0,48,48,12.2
2130,71.0,230,0,48,48,12.2
2131,71.03333333333333,230,0,48,48,12.2
2132,71.06666666666666,230,0,48,48,12.2
2133,71.1,230,0,48,48,12.2
2134,71.13333333333334,230,0,48,48,12.2
2135,71.16666666666667,230,0,48,48,12.2
2136,71.2,230,0,48,48,12.2
2137,71.23333333333333,230,0,48,48,12.2
2138,71.26666666666667,230,0,48,48,12.2
2139,71.3,230,0,48,48,12.2
2140,71.33333333333333,230,0,48,48,12.2
2141,71.36666666666666,230,0,48,48,12.2
2142,71.4,230,0,48,48,12.2
2143,71.43333333333334,230,0,48,48,12.2
2144,71.46666666666667,230,0,48,48,12.2
2145,71.5,230,0,48,48,12.2
2146,71.53333333333333,230,0,48,48,12.2
2147,71.56666666666666,230,0,48,48,12.2
2148,71.6,230,0,48,48,12.2
2149,71.63333333333334,230,0,48,48,12.2
2150,71.66666666666667,230,0,48,48,12.2
2151,71.7,230,0,48,48,12.2
2152,71.73333333333333,230,0,48,48,12.2
2153,71.76666666666667,230,0,48,48,12.2
2154,71.8,230,0,48,48,12.2
2155,71.83333333333333,230,0,48,48,12.2
2156,71.86666666666666,230,0,48,48,12.2
2157,71.9,230,0,48,48,12.2
2158,71.93333333333334,230,0,48,48,12.2
2159,71.96666666666667,230,0,48,48,12.2
2160,72.0,230,0,48,48,12.2
2161,72.03333333333333,230,0,48,48,12.2
2162,72.06666666666666,230,0,48,48,12.2
2163,72.1,230,0,48,48,12.2
2164,72.13333333333334,230,0,48,48,12.2
2165,72.16666666666667,230,0,48,48,12.2
2166,72.2,230,0,48,48,12.2
2167,72.23333333333333,230,0,48,48,12.2
2168,72.26666666666667,230,0,48,48,12.2
2169,72.3,230,0,48,48,12.2
2170,72.33333333333333,230,0,48,48,12.2
2171,72.36666666666666,230,0,48,48,12.2
2172,72.4,230,0,48,48,12.2
2173,72.43333333333334,230,0,48,48,12.2
2174,72.46666666666667,230,0,48,48,12.2
2175,72.5,230,0,48,48,12.2
2176,72.53333333333333,230,0,48,48,12.2
2177,72.56666666666666,230,0,48,48,12.2
2178,72.6,230,0,48,48,12.2
2179,72.63333333333334,230,0,48,48,12.2
2180,72.66666666666667,230,0,48,48,12.2
2181,72.7,230,0,48,48,12.2
2182,72.73333333333333,230,0,48,48,12.2
2183,72.76666666666667,230,0,48,48,12.2
2184,72.8,230,0,48,48,12.2
2185,72.83333333333333,230,0,48,48,12.2
2186,72.86666666666666,230,0,48,48,12.2
2187,72.9,230,0,48,48,12.2
2188,72.93333333333334,230,0,48,48,12.2
2189,72.96666666666667,230,0,48,48,12.2
2190,73.0,230,0,48,48,12.2
2191,73.03333333333333,230,0,48,48,12.2
2192,73.06666666666666,230,0,48,48,12.2
2193,73.1,230,0,48,48,12.2
2194,73.13333333333334,230,0,48,48,12.2
2195,73.16666666666667,230,0,48,48,12.2
2196,73.2,230,0,48,48,12.2
2197,73.23333333333333,230,0,48,48,12.2
2198,73.26666666666667,230,0,48,48,12.2
2199,73.3,230,0,48,48,12.2
2200,73.33333333333333,230,0,48,48,12.2
2201,73.36666666666666,230,0,48,48,12.2
2202,73.4,230,0,48,48,12.2
2203,73.43333333333334,230,0,48,48,12.2
2204,73.46666666666667,230,0,48,48,12.2
2205,73.5,230,0,48,48,12.2
2206,73.53333333333333,230,0,48,48,12.2
2207,73.56666666666666,230,0,48,48,12.2
2208,73.6,230,0,48,48,12.2
2209,73.63333333333334,230,0,48,48,12.2
2210,73.66666666666667,230,0,48,48,12.2
2211,73.7,230,0,48,48,12.2
2212,73.73333333333333,230,0,48,48,12.2
2213,73.76666666666667,230,0,48,48,12.2
2214,73.8,230,0,48,48,12.2
2215,73.83333333333333,230,0,48,48,12.2
2216,73.86666666666666,230,0,48,48,12.2
2217,73.9,230,0,48,48,12.2
2218,73.93333333333334,230,0,48,48,12.2
2219,73.96666666666667,230,0,48,48,12.2
2220,74.0,230,0,48,48,12.2
2221,74.03333333333333,230,0,48,48,12.2
2222,74.06666666666666,230,0,48,48,12.2
2223,74.1,230,0,48,48,12.2
2224,74.13333333333334,230,0,48,48,12.2
2225,74.16666666666667,230,0,48,48,12.2
2226,74.2,230,0,48,48,12.2
2227,74.23333333333333,230,0,48,48,12.2
2228,74.26666666666667,230,0,48,48,12.2
2229,74.3,230,0,48,48,12.2
2230,74.33333333333333,230,0,48,48,12.2
2231,74.36666666666666,230,0,48,48,12.2
2232,74.4,230,0,48,48,12.2
2233,74.43333333333334,230,0,48,48,12.2
2234,74.46666666666667,230,0,48,48,12.2
2235,74.5,230,0,48,48,12.2
2236,74.53333333333333,230,0,48,48,12.2
2237,74.56666666666666,230,0,48,48,12.2
2238,74.6,230,0,48,48,12.2
2239,74.63333333333334,230,0,48,48,12.2
2240,74.66666666666667,230,0,48,48,12.2
2241,74.7,230,0,48,48,12.2
2242,74.73333333333333,230,0,48,48,12.2
2243,74.76666666666667,230,0,48,48,12.2
2244,74.8,230,0,48,48,12.2
2245,74.83333333333333,230,0,48,48,12.2
2246,74.86666666666666,230,0,48,48,12.2
2247,74.9,230,0,48,48,12.2
2248,74.93333333333334,230,0,48,48,12.2
2249,74.96666666666667,230,0,48,48,12.2
2250,75.0,230,0,48,48,12.2
2251,75.03333333333333,230,0,48,48,12.2
2252,75.06666666666666,230,0,48,48,12.2
2253,75.1,230,0,48,48,12.2
2254,75.13333333333334,230,0,48,48,12.2
2255,75.16666666666667,230,0,48,48,12.2
2256,75.2,230,0,48,48,12.2
2257,75.23333333333333,230,0,48,48,12.2
2258,75.26666666666667,230,0,48,48,12.2
2259,75.3,230,0,48,48,12.2
2260,75.33333333333333,230,0,48,48,12.2
2261,75.36666666666666,230,0,48,48,12.2
2262,75.4,230,0,48,48,12.2
2263,75.43333333333334,230,0,48,48,12.2
2264,75.46666666666667,230,0,48,48,12.2
2265,75.5,230,0,48,48,12.2
2266,75.53333333333333,230,0,48,48,12.2
2267,75.56666666666666,230,0,48,48,12.2
2268,75.6,230,0,48,48,12.2
2269,75.63333333333334,230,0,48,48,12.2
2270,75.66666666666667,230,0,48,48,12.2
2271,75.7,230,0,48,48,12.2
2272,75.73333333333333,230,0,48,48,12.2
2273,75.76666666666667,230,0,48,48,12.2
2274,75.8,230,0,48,48,12.2
2275,75.83333333333333,230,0,48,48,12.2
2276,75.86666666666666,230,0,48,48,12.2
2277,75.9,230,0,48,48,12.2
2278,75.93333333333334,230,0,48,48,12.2
2279,75.96666666666667,230,0,48,48,12.2
2280,76.0,230,0,48,48,12.2
2281,76.03333333333333,230,0,48,48,12.2
2282,76.06666666666666,230,0,48,48,12.2
2283,76.1,230,0,48,48,12.2
2284,76.13333333333334,230,0,48,48,12.2
2285,76.16666666666667,230,0,48,48,12.2
2286,76.2,230,0,48,48,12.2
2287,76.23333333333333,230,0,48,48,12.2
2288,76.26666666666667,230,0,48,48,12.2
2289,76.3,230,0,48,48,12.2
2290,76.33333333333333,230,0,48,48,12.2
2291,76.36666666666666,230,0,48,48,12.2
2292,76.4,230,0,48,48,12.2
2293,76.43333333333334,230,0,48,48,12.2
2294,76.46666666666667,230,0,48,48,12.2
2295,76.5,230,0,48,48,12.2
2296,76.53333333333333,230,0,48,48,12.2
2297,76.56666666666666,230,0,48,48,12.2
2298,76.6,230,0,48,48,12.2
2299,76.63333333333334,230,0,48,48,12.2
2300,76.66666666666667,230,0,48,48,12.2
2301,76.7,230,0,48,48,12.2
2302,76.73333333333333,230,0,48,48,12.2
2303,76.76666666666667,230,0,48,48,12.2
2304,76.8,230,0,48,48,12.2
2305,76.83333333333333,230,0,48,48,12.2
2306,76.86666666666666,230,0,48,48,12.2
2307,76.9,230,0,48,48,12.2
2308,76.93333333333334,230,0,48,48,12.2
2309,76.96666666666667,230,0,48,48,12.2
2310,77.0,230,0,48,48,12.2
2311,77.03333333333333,230,0,48,48,12.2
2312,77.06666666666666,230,0,48,48,12.2
2313,77.1,230,0,48,48,12.2
2314,77.13333333333334,230,0,48,48,12.2
2315,77.16666666666667,230,0,48,48,12.2
2316,77.2,230,0,48,48,12.2
2317,77.23333333333333,230,0,48,48,12.2
2318,77.26666666666667,230,0,48,48,12.2
2319,77.3,230,0,48,48,12.2
2320,77.33333333333333,230,0,48,48,12.2
2321,77.36666666666666,230,0,48,48,12.2
2322,77.4,230,0,48,48,12.2
2323,77.43333333333334,230,0,48,48,12.2
2324,77.46666666666667,230,0,48,48,12.2
2325,77.5,230,0,48,48,12.2
2326,77.53333333333333,230,0,48,48,12.2
2327,77.56666666666666,230,0,48,48,12.2
2328,77.6,230,0,48,48,12.2
2329,77.63333333333334,230,0,48,48,12.2
2330,77.66666666666667,230,0,48,48,12.2
2331,77.7,230,0,48,48,12.2
2332,77.73333333333333,230,0,48,48,12.2
2333,77.76666666666667,230,0,48,48,12.2
2334,77.8,230,0,48,48,12.2
2335,77.83333333333333,230,0,48,48,12.2
2336,77.86666666666666,230,0,48,48,12.2
2337,77.9,230,0,48,48,12.2
2338,77.93333333333334,230,0,48,48,12.2
2339,77.96666666666667,230,0,48,48,12.2
2340,78.0,230,0,48,48,12.2
2341,78.03333333333333,230,0,48,48,12.2
2342,78.06666666666666,230,0,48,48,12.2
2343,78.1,230,0,48,48,12.2
2344,78.13333333333334,230,0,48,48,12.2
2345,78.16666666666667,230,0,48,48,12.2
2346,78.2,230,0,48,48,12.2
2347,78.23333333333333,230,0,48,48,12.2
2348,78.26666666666667,230,0,48,48,12.2
2349,78.3,230,0,48,48,12.2
2350,78.33333333333333,230,0,48,48,12.2
2351,78.36666666666666,230,0,48,48,12.2
2352,78.4,230,0,48,48,12.2
2353,78.43333333333334,230,0,48,48,12.2
2354,78.46666666666667,230,0,48,48,12.2
2355,78.5,230,0,48,48,12.2
2356,78.53333333333333,230,0,48,48,12.2
2357,78.56666666666666,230,0,48,48,12.2
2358,78.6,230,0,48,48,12.2
2359,78.63333333333334,230,0,48,48,12.2
2360,78.66666666666667,230,0,48,48,12.2
2361,78.7,230,0,48,48,12.2
2362,78.73333333333333,230,0,48,48,12.2
2363,78.76666666666667,230,0,48,48,12.2
2364,78.8,230,0,48,48,12.2
2365,78.83333333333333,230,0,48,48,12.2
2366,78.86666666666666,230,0,48,48,12.2
2367,78.9,230,0,48,48,12.2
2368,78.93333333333334,230,0,48,48,12.2
2369,78.96666666666667,230,0,48,48,12.2
2370,79.0,230,0,48,48,12.2
2371,79.03333333333333,230,0,48,48,12.2
2372,79.06666666666666,230,0,48,48,12.2
2373,79.1,230,0,48,48,12.2
2374,79.13333333333334,230,0,48,48,12.2
2375,79.16666666666667,230,0,48,48,12.2
2376,79.2,230,0,48,48,12.2
2377,79.23333333333333,230,0,48,48,12.2
2378,79.26666666666667,230,0,48,48,12.2
2379,79.3,230,0,48,48,12.2
2380,79.33333333333333,230,0,48,48,12.2
2381,79.36666666666666,230,0,48,48,12.2
2382,79.4,230,0,48,48,12.2
2383,79.43333333333334,230,0,48,48,12.2
2384,79.46666666666667,230,0,48,48,12.2
2385,79.5,230,0,48,48,12.2
2386,79.53333333333333,230,0,48,48,12.2
2387,79.56666666666666,230,0,48,48,12.2
2388,79.6,230,0,48,48,12.2
2389,79.63333333333334,230,0,48,48,12.2
2390,79.66666666666667,230,0,48,48,12.2
2391,79.7,230,0,48,48,12.2
2392,79.73333333333333,230,0,48,48,12.2
2393,79.76666666666667,230,0,48,48,12.2
2394,79.8,230,0,48,48,12.2
2395,79.83333333333333,230,0,48,48,12.2
2396,79.86666666666666,230,0,48,48,12.2
2397,79.9,230,0,48,48,12.2
2398,79.93333333333334,230,0,48,48,12.2
2399,79.96666666666667,230,0,48,48,12.2
2400,80.0,230,0,48,48,12.2
2401,80.03333333333333,230,0,48,48,12.2
2402,80.06666666666666,230,0,48,48,12.2
2403,80.1,230,0,48,48,12.2
2404,80.13333333333334,230,0,48,48,12.2
2405,80.16666666666667,230,0,48,48,12.2
2406,80.2,230,0,48,48,12.2
2407,80.23333333333333,230,0,48,48,12.2
2408,80.26666666666667,230,0,48,48,12.2
2409,80.3,230,0,48,48,12.2
2410,80.33333333333333,230,0,48,48,12.2
2411,80.36666666666666,230,0,48,48,12.2
2412,80.4,230,0,48,48,12.2
2413,80.43333333333334,230,0,48,48,12.2
2414,80.46666666666667,230,0,48,48,12.2
2415,80.5,230,0,48,48,12.2
2416,80.53333333333333,230,0,48,48,12.2
2417,80.56666666666666,230,0,48,48,12.2
2418,80.6,230,0,48,48,12.2
2419,80.63333333333334,230,0,48,48,12.2
2420,80.66666666666667,230,0,48,48,12.2
2421,80.7,230,0,48,48,12.2
2422,80.73333333333333,230,0,48,48,12.2
2423,80.76666666666667,230,0,48,48,12.2
2424,80.8,230,0,48,48,12.2
2425,80.83333333333333,230,0,48,48,12.2
2426,80.86666666666666,230,0,48,48,12.2
2427,80.9,230,0,48,48,12.2
2428,80.93333333333334,230,0,48,48,12.2
2429,80.96666666666667,230,0,48,48,12.2
2430,81.0,230,0,48,48,12.2
2431,81.03333333333333,230,0,48,48,12.2
2432,81.06666666666666,230,0,48,48,12.2
2433,81.1,230,0,48,48,12.2
2434,81.13333333333334,230,0,48,48,12.2
2435,81.16666666666667,230,0,48,48,12.2
2436,81.2,230,0,48,48,12.2
2437,81.23333333333333,230,0,48,48,12.2
2438,81.26666666666667,230,0,48,48,12.2
2439,81.3,230,0,48,48,12.2
2440,81.33333333333333,230,0,48,48,12.2
2441,81.36666666666666,230,0,48,48,12.2
2442,81.4,230,0,48,48,12.2
2443,81.43333333333334,230,0,48,48,12.2
2444,81.46666666666667,230,0,48,48,12.2
2445,81.5,230,0,48,48,12.2
2446,81.53333333333333,230,0,48,48,12.2
2447,81.56666666666666,230,0,48,48,12.2
2448,81.6,230,0,48,48,12.2
2449,81.63333333333334,230,0,48,48,12.2
2450,81.66666666666667,230,0,48,48,12.2
2451,81.7,230,0,48,48,12.2
2452,81.73333333333333,230,0,48,48,12.2
2453,81.76666666666667,230,0,48,48,12.2
2454,81.8,230,0,48,48,12.2
2455,81.83333333333333,230,0,48,48,12.2
2456,81.86666666666666,230,0,48,48,12.2
2457,81.9,230,0,48,48,12.2
2458,81.93333333333334,230,0,48,48,12.2
2459,81.96666666666667,230,0,48,48,12.2
2460,82.0,230,0,48,48,12.2
2461,82.03333333333333,230,0,48,48,12.2
2462,82.06666666666666,230,0,48,48,12.2
2463,82.1,230,0,48,48,12.2
2464,82.13333333333334,230,0,48,48,12.2
2465,82.16666666666667,230,0,48,48,12.2
2466,82.2,230,0,48,48,12.2
2467,82.23333333333333,230,0,48,48,12.2
2468,82.26666666666667,230,0,48,48,12.2
2469,82.3,230,0,48,48,12.2
2470,82.33333333333333,230,0,48,48,12.2
2471,82.36666666666666,230,0,48,48,12.2
2472,82.4,230,0,48,48,12.2
2473,82.43333333333334,230,0,48,48,12.2
2474,82.46666666666667,230,0,48,48,12.2
2475,82.5,230,0,48,48,12.2
2476,82.53333333333333,230,0,48,48,12.2
2477,82.56666666666666,230,0,48,48,12.2
2478,82.6,230,0,48,48,12.2
2479,82.63333333333334,230,0,48,48,12.2
2480,82.66666666666667,230,0,48,48,12.2
2481,82.7,230,0,48,48,12.2
2482,82.73333333333333,230,0,48,48,12.2
2483,82.76666666666667,230,0,48,48,12.2
2484,82.8,230,0,48,48,12.2
2485,82.83333333333333,230,0,48,48,12.2
2486,82.86666666666666,230,0,48,48,12.2
2487,82.9,230,0,48,48,12.2
2488,82.93333333333334,230,0,48,48,12.2
2489,82.96666666666667,230,0,48,48,12.2
2490,83.0,230,0,48,48,12.2
2491,83.03333333333333,230,0,48,48,12.2
2492,83.06666666666666,230,0,48,48,12.2
2493,83.1,230,0,48,48,12.2
2494,83.13333333333334,230,0,48,48,12.2
2495,83.16666666666667,230,0,48,48,12.2
2496,83.2,230,0,48,48,12.2
2497,83.23333333333333,230,0,48,48,12.2
2498,83.26666666666667,230,0,48,48,12.2
2499,83.3,230,0,48,48,12.2
2500,83.33333333333333,230,0,48,48,12.2
2501,83.36666666666666,230,0,48,48,12.2
2502,83.4,230,0,48,48,12.2
2503,83.43333333333334,230,0,48,48,12.2
2504,83.46666666666667,230,0,48,48,12.2
2505,83.5,230,0,48,48,12.2
2506,83.53333333333333,230,0,48,48,12.2
2507,83.56666666666666,230,0,48,48,12.2
2508,83.6,230,0,48,48,12.2
2509,83.63333333333334,230,0,48,48,12.2
2510,83.66666666666667,230,0,48,48,12.2
2511,83.7,230,0,48,48,12.2
2512,83.73333333333333,230,0,48,48,12.2
2513,83.76666666666667,230,0,48,48,12.2
2514,83.8,230,0,48,48,12.2
2515,83.83333333333333,230,0,48,48,12.2
2516,83.86666666666666,230,0,48,48,12.2
2517,83.9,230,0,48,48,12.2
2518,83.93333333333334,230,0,48,48,12.2
2519,83.96666666666667,230,0,48,48,12.2
2520,84.0,230,0,48,48,12.2
2521,84.03333333333333,230,0,48,48,12.2
2522,84.06666666666666,230,0,48,48,12.2
2523,84.1,230,0,48,48,12.2
2524,84.13333333333334,230,0,48,48,12.2
2525,84.16666666666667,230,0,48,48,12.2
2526,84.2,230,0,48,48,12.2
2527,84.23333333333333,230,0,48,48,12.2
2528,84.26666666666667,230,0,48,48,12.2
2529,84.3,230,0,48,48,12.2
2530,84.33333333333333,230,0,48,48,12.2
2531,84.36666666666666,230,0,48,48,12.2
2532,84.4,230,0,48,48,12.2
2533,84.43333333333334,230,0,48,48,12.2
2534,84.46666666666667,230,0,48,48,12.2
2535,84.5,230,0,48,48,12.2
2536,84.53333333333333,230,0,48,48,12.2
2537,84.56666666666666,230,0,48,48,12.2
2538,84.6,230,0,48,48,12.2
2539,84.63333333333334,230,0,48,48,12.2
2540,84.66666666666667,230,0,48,48,12.2
2541,84.7,230,0,48,48,12.2
2542,84.73333333333333,230,0,48,48,12.2
2543,84.76666666666667,230,0,48,48,12.2
2544,84.8,230,0,48,48,12.2
2545,84.83333333333333,230,0,48,48,12.2
2546,84.86666666666666,230,0,48,48,12.2
2547,84.9,230,0,48,48,12.2
2548,84.93333333333334,230,0,48,48,12.2
2549,84.96666666666667,230,0,48,48,12.2
